2025-08-16 11:19:42,120 [Worker-7: Loading available Gradle versions] INFO  o.e.b.c.i.u.g.PublishedGradleVersions - Gradle version information cache is up-to-date. Trying to read.
2025-08-16 11:21:35,836 [Worker-21: Updating workspace] INFO  o.b.c.a.StaticComponentContainer - (StaticComponentContainer.java:366) - No custom properties found for file burningwave.static.properties
2025-08-16 11:21:35,839 [Worker-21: Updating workspace] INFO  o.b.c.a.StaticComponentContainer - (StaticComponentContainer.java:368) - Instantiated org.burningwave.core.SLF4JManagedLoggerRepository
2025-08-16 11:21:35,842 [Worker-21: Updating workspace] INFO  o.b.c.a.StaticComponentContainer - (StaticComponentContainer.java:369) - 

	Configuration values for static components:

		background-executor.all-tasks-monitoring.enabled=\
			true
		background-executor.all-tasks-monitoring.interval=\
			30000
		background-executor.all-tasks-monitoring.logger.enabled=\
			false
		background-executor.all-tasks-monitoring.minimum-elapsed-time-to-consider-a-task-as-probable-dead-locked=\
			300000
		background-executor.all-tasks-monitoring.probable-dead-locked-tasks-handling.policy=\
			log only
		background-executor.queued-task-executor[0].name=\
			Low priority tasks
		background-executor.queued-task-executor[0].priority=\
			1
		background-executor.queued-task-executor[1].name=\
			Normal priority tasks
		background-executor.queued-task-executor[1].priority=\
			5
		background-executor.queued-task-executor[2].name=\
			High priority tasks
		background-executor.queued-task-executor[2].priority=\
			10
		background-executor.task-creation-tracking.enabled=\
			${background-executor.all-tasks-monitoring.enabled}
		banner.additonal-informations=\
			${Implementation-Title} ${Implementation-Version}
		banner.additonal-informations.retrieve-from-manifest-file-with-implementation-title=\
			Burningwave Core
		banner.file=\
			org/burningwave/banner.bwb
		banner.hide=\
			false
		buffer-handler.default-allocation-mode=\
			ByteBuffer::allocateDirect
		buffer-handler.default-buffer-size=\
			1024
		group-name-for-named-elements=\
			Burningwave
		iterable-object-helper.default-values-separator=\
			;
		iterable-object-helper.parallel-iteration.applicability.default-minimum-collection-size=\
			2
		iterable-object-helper.parallel-iteration.applicability.max-runtime-thread-count-threshold=\
			autodetect
		iterable-object-helper.parallel-iteration.applicability.output-collection-enabled-types=\
			java.util.concurrent.ConcurrentHashMap$CollectionView;\
			java.util.Collections$SynchronizedCollection;\
			java.util.concurrent.CopyOnWriteArrayList;\
			java.util.concurrent.CopyOnWriteArraySet;\
			java.util.concurrent.BlockingQueue;\
			java.util.concurrent.ConcurrentSkipListSet;\
			java.util.concurrent.ConcurrentSkipListMap$EntrySet;\
			java.util.concurrent.ConcurrentSkipListMap$KeySet;\
			java.util.concurrent.ConcurrentSkipListMap$Values;
		jvm.driver.init=\
			false
		managed-logger.repository=\
			autodetect
		managed-logger.repository.enabled=\
			true
		managed-logger.repository.logging.warn.disabled-for=\
			org.burningwave.core.assembler.ComponentContainer$ClassLoader;\
			org.burningwave.core.classes.MemoryClassLoader;\
			org.burningwave.core.classes.PathScannerClassLoader;
		modules.export-all-to-all=\
			true
		resource-releaser.enabled=\
			true
		synchronizer.all-threads-monitoring.enabled=\
			false
		synchronizer.all-threads-monitoring.interval=\
			90000
		thread-supplier.default-daemon-flag-value=\
			true
		thread-supplier.default-thread-priority=\
			5
		thread-supplier.max-detached-thread-count=\
			${thread-supplier.max-poolable-thread-count}
		thread-supplier.max-detached-thread-count.elapsed-time-threshold-from-last-increase-for-gradual-decreasing-to-initial-value=\
			30000
		thread-supplier.max-detached-thread-count.increasing-step=\
			autodetect
		thread-supplier.max-poolable-thread-count=\
			autodetect
		thread-supplier.poolable-thread-request-timeout=\
			6000


2025-08-16 11:21:35,847 [Worker-21: Updating workspace] INFO  o.b.core.jvm.BufferHandler - (BufferHandler.java:127) - default buffer size: 1024 bytes
2025-08-16 11:21:35,849 [Worker-21: Updating workspace] INFO  o.b.core.jvm.BufferHandler - (BufferHandler.java:141) - default allocation mode: ByteBuffer::allocateDirect
2025-08-16 11:21:35,857 [Worker-21: Updating workspace] INFO  org.burningwave.core.Cache - (Cache.java:76) - Building cache
2025-08-16 11:21:35,905 [Worker-21: Updating workspace] INFO  o.b.c.a.StaticComponentContainer - (StaticComponentContainer.java:443) - org.burningwave.core.assembler.StaticComponentContainer initialized in 0.2559329 seconds
2025-08-16 11:21:36,039 [Worker-23: Importing Maven projects] INFO  o.e.m.c.i.l.LifecycleMappingFactory - Using org.eclipse.m2e.jdt.JarLifecycleMapping lifecycle mapping for MavenProject: com.demo:catlog-services:0.0.1-SNAPSHOT @ D:\SpringBoot_Microservices_Project\microservices\catlog-services\pom.xml.
2025-08-16 11:21:41,228 [Worker-23: Importing Maven projects] INFO  o.e.m.j.i.AbstractJavaProjectConfigurator - Adding source folder /catlog-services/src/main/java
2025-08-16 11:21:41,232 [Worker-23: Importing Maven projects] INFO  o.e.m.j.i.AbstractJavaProjectConfigurator - Adding resource folder /catlog-services/src/main/resources
2025-08-16 11:21:41,234 [Worker-23: Importing Maven projects] INFO  o.e.m.j.i.AbstractJavaProjectConfigurator - Adding resource folder /catlog-services/src/main/resources
2025-08-16 11:21:41,236 [Worker-23: Importing Maven projects] INFO  o.e.m.j.i.AbstractJavaProjectConfigurator - Adding source folder /catlog-services/src/test/java
2025-08-16 11:21:41,240 [Worker-23: Importing Maven projects] INFO  o.e.m.j.i.AbstractJavaProjectConfigurator - Adding resource folder /catlog-services/src/test/resources
2025-08-16 11:21:41,247 [Worker-23: Importing Maven projects] ERROR o.e.m.j.i.AbstractJavaProjectConfigurator - Failed to find a compatible VM for environment id 'JavaSE-21', falling back to workspace default
2025-08-16 11:21:42,364 [Worker-23: Importing Maven projects] INFO  o.e.m.c.i.p.ProjectConfigurationManager - Imported and configured 1 project(s) in 10 sec
2025-08-16 11:21:44,377 [Worker-4: Building] INFO  o.a.m.s.f.DefaultMavenResourcesFiltering - Copying 1 resource from src\main\resources to target\classes
2025-08-16 11:21:44,465 [Worker-4: Building] INFO  o.a.m.s.f.DefaultMavenResourcesFiltering - Copying 0 resource from src\main\resources to target\classes
2025-08-16 11:21:44,482 [Worker-4: Building] INFO  o.a.m.s.f.DefaultMavenResourcesFiltering - skip non existing resourceDirectory D:\SpringBoot_Microservices_Project\microservices\catlog-services\src\test\resources
2025-08-16 11:25:42,119 [Worker-20: Building] INFO  o.e.m.c.i.l.LifecycleMappingFactory - Using org.eclipse.m2e.jdt.JarLifecycleMapping lifecycle mapping for MavenProject: com.demo:catlog-services:0.0.1-SNAPSHOT @ D:\SpringBoot_Microservices_Project\microservices\catlog-services\pom.xml.
2025-08-16 11:25:43,693 [Worker-20: Building] INFO  o.a.m.s.f.DefaultMavenResourcesFiltering - Copying 1 resource from src\main\resources to target\classes
2025-08-16 11:25:43,807 [Worker-20: Building] INFO  o.a.m.s.f.DefaultMavenResourcesFiltering - Copying 0 resource from src\main\resources to target\classes
2025-08-16 11:25:43,814 [Worker-20: Building] INFO  o.a.m.s.f.DefaultMavenResourcesFiltering - skip non existing resourceDirectory D:\SpringBoot_Microservices_Project\microservices\catlog-services\src\test\resources
2025-08-16 11:25:45,147 [Worker-7: Updating Maven Dependencies] INFO  o.e.m.c.i.l.LifecycleMappingFactory - Using org.eclipse.m2e.jdt.JarLifecycleMapping lifecycle mapping for MavenProject: com.demo:catlog-services:0.0.1-SNAPSHOT @ D:\SpringBoot_Microservices_Project\microservices\catlog-services\pom.xml.
2025-08-16 11:58:32,479 [Worker-33: Building] INFO  o.e.m.c.i.l.LifecycleMappingFactory - Using org.eclipse.m2e.jdt.JarLifecycleMapping lifecycle mapping for MavenProject: com.demo:catlog-services:0.0.1-SNAPSHOT @ D:\SpringBoot_Microservices_Project\microservices\catlog-services\pom.xml.
2025-08-16 11:58:34,379 [Worker-33: Building] INFO  o.a.m.s.f.DefaultMavenResourcesFiltering - Copying 1 resource from src\main\resources to target\classes
2025-08-16 11:58:34,562 [Worker-33: Building] INFO  o.a.m.s.f.DefaultMavenResourcesFiltering - Copying 0 resource from src\main\resources to target\classes
2025-08-16 11:58:34,565 [Worker-33: Building] INFO  o.a.m.s.f.DefaultMavenResourcesFiltering - skip non existing resourceDirectory D:\SpringBoot_Microservices_Project\microservices\catlog-services\src\test\resources
2025-08-16 12:02:46,802 [Worker-35: Building] INFO  o.a.m.s.f.DefaultMavenResourcesFiltering - Copying 0 resource from src\main\resources to target\classes
2025-08-16 12:02:46,812 [Worker-35: Building] INFO  o.a.m.s.f.DefaultMavenResourcesFiltering - Copying 0 resource from src\main\resources to target\classes
2025-08-16 12:02:46,818 [Worker-35: Building] INFO  o.a.m.s.f.DefaultMavenResourcesFiltering - skip non existing resourceDirectory D:\SpringBoot_Microservices_Project\microservices\catlog-services\src\test\resources
2025-08-16 12:03:30,101 [Worker-1: Building] INFO  o.a.m.s.f.DefaultMavenResourcesFiltering - Copying 1 resource from src\main\resources to target\classes
2025-08-16 12:03:30,112 [Worker-1: Building] INFO  o.a.m.s.f.DefaultMavenResourcesFiltering - Copying 0 resource from src\main\resources to target\classes
2025-08-16 12:03:30,115 [Worker-1: Building] INFO  o.a.m.s.f.DefaultMavenResourcesFiltering - skip non existing resourceDirectory D:\SpringBoot_Microservices_Project\microservices\catlog-services\src\test\resources
2025-08-16 12:07:20,752 [Worker-36: Building] INFO  o.a.m.s.f.DefaultMavenResourcesFiltering - Copying 1 resource from src\main\resources to target\classes
2025-08-16 12:07:20,865 [Worker-36: Building] INFO  o.a.m.s.f.DefaultMavenResourcesFiltering - Copying 0 resource from src\main\resources to target\classes
2025-08-16 12:07:20,872 [Worker-36: Building] INFO  o.a.m.s.f.DefaultMavenResourcesFiltering - skip non existing resourceDirectory D:\SpringBoot_Microservices_Project\microservices\catlog-services\src\test\resources
2025-08-16 12:09:16,054 [Worker-32: Updating Maven Project] INFO  o.e.m.c.i.p.ProjectConfigurationManager - Update started
2025-08-16 12:09:16,920 [Worker-32: Updating Maven Project] INFO  o.e.m.c.i.l.LifecycleMappingFactory - Using org.eclipse.m2e.jdt.JarLifecycleMapping lifecycle mapping for MavenProject: com.demo:catlog-services:0.0.1-SNAPSHOT @ D:\SpringBoot_Microservices_Project\microservices\catlog-services\pom.xml.
2025-08-16 12:09:18,629 [Worker-32: Updating Maven Project] INFO  o.e.m.j.i.AbstractJavaProjectConfigurator - Adding source folder /catlog-services/src/main/java
2025-08-16 12:09:18,631 [Worker-32: Updating Maven Project] INFO  o.e.m.j.i.AbstractJavaProjectConfigurator - Adding resource folder /catlog-services/src/main/resources
2025-08-16 12:09:18,632 [Worker-32: Updating Maven Project] INFO  o.e.m.j.i.AbstractJavaProjectConfigurator - Adding resource folder /catlog-services/src/main/resources
2025-08-16 12:09:18,633 [Worker-32: Updating Maven Project] INFO  o.e.m.j.i.AbstractJavaProjectConfigurator - Adding source folder /catlog-services/src/test/java
2025-08-16 12:09:18,634 [Worker-32: Updating Maven Project] INFO  o.e.m.j.i.AbstractJavaProjectConfigurator - Adding resource folder /catlog-services/src/test/resources
2025-08-16 12:09:18,636 [Worker-32: Updating Maven Project] ERROR o.e.m.j.i.AbstractJavaProjectConfigurator - Failed to find a compatible VM for environment id 'JavaSE-21', falling back to workspace default
2025-08-16 12:09:19,631 [Worker-32: Updating Maven Project] INFO  o.e.m.c.i.p.ProjectConfigurationManager - Update completed for 1 poms: local refresh takes 0.00 sec, refresh facades takes 2.00 sec, update config takes 0.00 sec 
2025-08-16 12:09:20,229 [Worker-36: Building] INFO  o.a.m.s.f.DefaultMavenResourcesFiltering - Copying 1 resource from src\main\resources to target\classes
2025-08-16 12:09:20,321 [Worker-36: Building] INFO  o.a.m.s.f.DefaultMavenResourcesFiltering - Copying 0 resource from src\main\resources to target\classes
2025-08-16 12:09:20,333 [Worker-36: Building] INFO  o.a.m.s.f.DefaultMavenResourcesFiltering - skip non existing resourceDirectory D:\SpringBoot_Microservices_Project\microservices\catlog-services\src\test\resources
2025-08-16 12:11:58,369 [Worker-32: Building] INFO  o.a.m.s.f.DefaultMavenResourcesFiltering - Copying 1 resource from src\main\resources to target\classes
2025-08-16 12:11:58,435 [Worker-32: Building] INFO  o.a.m.s.f.DefaultMavenResourcesFiltering - Copying 0 resource from src\main\resources to target\classes
2025-08-16 12:11:58,440 [Worker-32: Building] INFO  o.a.m.s.f.DefaultMavenResourcesFiltering - skip non existing resourceDirectory D:\SpringBoot_Microservices_Project\microservices\catlog-services\src\test\resources
2025-08-16 12:17:48,653 [Worker-44: Updating Maven Project] INFO  o.e.m.c.i.p.ProjectConfigurationManager - Update started
2025-08-16 12:17:48,702 [Worker-44: Updating Maven Project] ERROR o.e.m.c.i.URLConnectionCaches - Unexpected URLConnection defaultUseCaches enabled
2025-08-16 12:17:49,944 [Worker-44: Updating Maven Project] INFO  o.e.m.c.i.l.LifecycleMappingFactory - Using org.eclipse.m2e.jdt.JarLifecycleMapping lifecycle mapping for MavenProject: com.demo:catlog-services:0.0.1-SNAPSHOT @ D:\SpringBoot_Microservices_Project\microservices\catlog-services\pom.xml.
2025-08-16 12:17:57,121 [Worker-44: Updating Maven Project] ERROR o.e.m.c.i.URLConnectionCaches - Unexpected URLConnection defaultUseCaches enabled
2025-08-16 12:17:57,180 [Worker-44: Updating Maven Project] INFO  o.e.m.j.i.AbstractJavaProjectConfigurator - Adding source folder /catlog-services/src/main/java
2025-08-16 12:17:57,181 [Worker-44: Updating Maven Project] INFO  o.e.m.j.i.AbstractJavaProjectConfigurator - Adding resource folder /catlog-services/src/main/resources
2025-08-16 12:17:57,182 [Worker-44: Updating Maven Project] INFO  o.e.m.j.i.AbstractJavaProjectConfigurator - Adding resource folder /catlog-services/src/main/resources
2025-08-16 12:17:57,183 [Worker-44: Updating Maven Project] INFO  o.e.m.j.i.AbstractJavaProjectConfigurator - Adding source folder /catlog-services/src/test/java
2025-08-16 12:17:57,185 [Worker-44: Updating Maven Project] INFO  o.e.m.j.i.AbstractJavaProjectConfigurator - Adding resource folder /catlog-services/src/test/resources
2025-08-16 12:17:57,185 [Worker-44: Updating Maven Project] ERROR o.e.m.j.i.AbstractJavaProjectConfigurator - Failed to find a compatible VM for environment id 'JavaSE-21', falling back to workspace default
2025-08-16 12:17:58,303 [Worker-44: Updating Maven Project] INFO  o.e.m.c.i.p.ProjectConfigurationManager - Update completed for 1 poms: local refresh takes 0.00 sec, refresh facades takes 8.00 sec, update config takes 0.00 sec 
2025-08-16 12:17:58,453 [Worker-38: Building] ERROR o.e.m.c.i.URLConnectionCaches - Unexpected URLConnection defaultUseCaches enabled
2025-08-16 12:17:58,986 [Worker-38: Building] INFO  o.a.m.s.f.DefaultMavenResourcesFiltering - Copying 1 resource from src\main\resources to target\classes
2025-08-16 12:17:59,478 [Worker-38: Building] INFO  o.a.m.s.f.DefaultMavenResourcesFiltering - Copying 0 resource from src\main\resources to target\classes
2025-08-16 12:17:59,493 [Worker-38: Building] INFO  o.a.m.s.f.DefaultMavenResourcesFiltering - skip non existing resourceDirectory D:\SpringBoot_Microservices_Project\microservices\catlog-services\src\test\resources
2025-08-16 12:18:19,075 [Worker-47: Building Workspace] ERROR o.e.m.c.i.URLConnectionCaches - Unexpected URLConnection defaultUseCaches enabled
2025-08-16 12:18:19,082 [Worker-47: Building Workspace] INFO  o.a.m.s.f.DefaultMavenResourcesFiltering - Copying 1 resource from src\main\resources to target\classes
2025-08-16 12:18:19,217 [Worker-47: Building Workspace] INFO  o.a.m.s.f.DefaultMavenResourcesFiltering - Copying 0 resource from src\main\resources to target\classes
2025-08-16 12:18:19,223 [Worker-47: Building Workspace] INFO  o.a.m.s.f.DefaultMavenResourcesFiltering - skip non existing resourceDirectory D:\SpringBoot_Microservices_Project\microservices\catlog-services\src\test\resources
2025-08-16 12:23:40,271 [Worker-47: Updating Maven Project] INFO  o.e.m.c.i.p.ProjectConfigurationManager - Update started
2025-08-16 12:23:40,305 [Worker-47: Updating Maven Project] ERROR o.e.m.c.i.URLConnectionCaches - Unexpected URLConnection defaultUseCaches enabled
2025-08-16 12:23:41,094 [Worker-47: Updating Maven Project] INFO  o.e.m.c.i.l.LifecycleMappingFactory - Using org.eclipse.m2e.jdt.JarLifecycleMapping lifecycle mapping for MavenProject: com.demo:catlog-services:0.0.1-SNAPSHOT @ D:\SpringBoot_Microservices_Project\microservices\catlog-services\pom.xml.
2025-08-16 12:23:44,238 [Worker-47: Updating Maven Project] ERROR o.e.m.c.i.URLConnectionCaches - Unexpected URLConnection defaultUseCaches enabled
2025-08-16 12:23:44,346 [Worker-47: Updating Maven Project] INFO  o.e.m.j.i.AbstractJavaProjectConfigurator - Adding source folder /catlog-services/src/main/java
2025-08-16 12:23:44,348 [Worker-47: Updating Maven Project] INFO  o.e.m.j.i.AbstractJavaProjectConfigurator - Adding resource folder /catlog-services/src/main/resources
2025-08-16 12:23:44,351 [Worker-47: Updating Maven Project] INFO  o.e.m.j.i.AbstractJavaProjectConfigurator - Adding resource folder /catlog-services/src/main/resources
2025-08-16 12:23:44,353 [Worker-47: Updating Maven Project] INFO  o.e.m.j.i.AbstractJavaProjectConfigurator - Adding source folder /catlog-services/src/test/java
2025-08-16 12:23:44,356 [Worker-47: Updating Maven Project] INFO  o.e.m.j.i.AbstractJavaProjectConfigurator - Adding resource folder /catlog-services/src/test/resources
2025-08-16 12:23:46,429 [Worker-47: Updating Maven Project] INFO  o.e.m.c.i.p.ProjectConfigurationManager - Update completed for 1 poms: local refresh takes 0.00 sec, refresh facades takes 3.00 sec, update config takes 1.00 sec 
2025-08-16 12:23:54,531 [Worker-53: Launching catlog-services - CatlogServicesApplication] ERROR o.e.m.c.i.URLConnectionCaches - Unexpected URLConnection defaultUseCaches enabled
2025-08-16 12:23:55,088 [Worker-53: Launching catlog-services - CatlogServicesApplication] INFO  o.a.m.s.f.DefaultMavenResourcesFiltering - Copying 1 resource from src\main\resources to target\classes
2025-08-16 12:23:55,145 [Worker-53: Launching catlog-services - CatlogServicesApplication] INFO  o.a.m.s.f.DefaultMavenResourcesFiltering - Copying 0 resource from src\main\resources to target\classes
2025-08-16 12:23:55,157 [Worker-53: Launching catlog-services - CatlogServicesApplication] INFO  o.a.m.s.f.DefaultMavenResourcesFiltering - skip non existing resourceDirectory D:\SpringBoot_Microservices_Project\microservices\catlog-services\src\test\resources
2025-08-16 12:26:00,791 [Worker-54: Launching catlog-services - CatlogServicesApplication] ERROR o.e.m.c.i.URLConnectionCaches - Unexpected URLConnection defaultUseCaches enabled
2025-08-16 12:26:00,949 [Worker-54: Launching catlog-services - CatlogServicesApplication] INFO  o.a.m.s.f.DefaultMavenResourcesFiltering - Copying 1 resource from src\main\resources to target\classes
2025-08-16 12:26:01,106 [Worker-54: Launching catlog-services - CatlogServicesApplication] INFO  o.a.m.s.f.DefaultMavenResourcesFiltering - Copying 0 resource from src\main\resources to target\classes
2025-08-16 12:26:01,139 [Worker-54: Launching catlog-services - CatlogServicesApplication] INFO  o.a.m.s.f.DefaultMavenResourcesFiltering - skip non existing resourceDirectory D:\SpringBoot_Microservices_Project\microservices\catlog-services\src\test\resources
2025-08-16 12:32:08,829 [Worker-56: Launching Executing install in D__SpringBoot_Microservices_Project_microservices_catlog-services] INFO  o.eclipse.m2e.core.internal.Bundles - getClasspathEntries(Bundle=org.eclipse.m2e.maven.runtime_3.9.600.20231203-1234 [354])
2025-08-16 12:32:08,853 [Worker-56: Launching Executing install in D__SpringBoot_Microservices_Project_microservices_catlog-services] INFO  o.eclipse.m2e.core.internal.Bundles - 	Entry: C:\STS\sts-4.22.0.RELEASE\plugins\org.eclipse.m2e.maven.runtime_3.9.600.20231203-1234
2025-08-16 12:32:08,855 [Worker-56: Launching Executing install in D__SpringBoot_Microservices_Project_microservices_catlog-services] INFO  o.eclipse.m2e.core.internal.Bundles - 	Entry: C:\STS\sts-4.22.0.RELEASE\plugins\org.eclipse.m2e.maven.runtime_3.9.600.20231203-1234\jars\aopalliance-1.0.jar
2025-08-16 12:32:08,855 [Worker-56: Launching Executing install in D__SpringBoot_Microservices_Project_microservices_catlog-services] INFO  o.eclipse.m2e.core.internal.Bundles - 	Entry: C:\STS\sts-4.22.0.RELEASE\plugins\org.eclipse.m2e.maven.runtime_3.9.600.20231203-1234\jars\guice-5.1.0.jar
2025-08-16 12:32:08,855 [Worker-56: Launching Executing install in D__SpringBoot_Microservices_Project_microservices_catlog-services] INFO  o.eclipse.m2e.core.internal.Bundles - 	Entry: C:\STS\sts-4.22.0.RELEASE\plugins\org.eclipse.m2e.maven.runtime_3.9.600.20231203-1234\jars\httpclient-4.5.14.jar
2025-08-16 12:32:08,856 [Worker-56: Launching Executing install in D__SpringBoot_Microservices_Project_microservices_catlog-services] INFO  o.eclipse.m2e.core.internal.Bundles - 	Entry: C:\STS\sts-4.22.0.RELEASE\plugins\org.eclipse.m2e.maven.runtime_3.9.600.20231203-1234\jars\httpcore-4.4.16.jar
2025-08-16 12:32:08,856 [Worker-56: Launching Executing install in D__SpringBoot_Microservices_Project_microservices_catlog-services] INFO  o.eclipse.m2e.core.internal.Bundles - 	Entry: C:\STS\sts-4.22.0.RELEASE\plugins\org.eclipse.m2e.maven.runtime_3.9.600.20231203-1234\jars\jansi-2.4.0.jar
2025-08-16 12:32:08,857 [Worker-56: Launching Executing install in D__SpringBoot_Microservices_Project_microservices_catlog-services] INFO  o.eclipse.m2e.core.internal.Bundles - 	Entry: C:\STS\sts-4.22.0.RELEASE\plugins\org.eclipse.m2e.maven.runtime_3.9.600.20231203-1234\jars\jcl-over-slf4j-1.7.36.jar
2025-08-16 12:32:08,857 [Worker-56: Launching Executing install in D__SpringBoot_Microservices_Project_microservices_catlog-services] INFO  o.eclipse.m2e.core.internal.Bundles - 	Entry: C:\STS\sts-4.22.0.RELEASE\plugins\org.eclipse.m2e.maven.runtime_3.9.600.20231203-1234\jars\maven-artifact-3.9.6.jar
2025-08-16 12:32:08,857 [Worker-56: Launching Executing install in D__SpringBoot_Microservices_Project_microservices_catlog-services] INFO  o.eclipse.m2e.core.internal.Bundles - 	Entry: C:\STS\sts-4.22.0.RELEASE\plugins\org.eclipse.m2e.maven.runtime_3.9.600.20231203-1234\jars\maven-builder-support-3.9.6.jar
2025-08-16 12:32:08,858 [Worker-56: Launching Executing install in D__SpringBoot_Microservices_Project_microservices_catlog-services] INFO  o.eclipse.m2e.core.internal.Bundles - 	Entry: C:\STS\sts-4.22.0.RELEASE\plugins\org.eclipse.m2e.maven.runtime_3.9.600.20231203-1234\jars\maven-compat-3.9.6.jar
2025-08-16 12:32:08,858 [Worker-56: Launching Executing install in D__SpringBoot_Microservices_Project_microservices_catlog-services] INFO  o.eclipse.m2e.core.internal.Bundles - 	Entry: C:\STS\sts-4.22.0.RELEASE\plugins\org.eclipse.m2e.maven.runtime_3.9.600.20231203-1234\jars\maven-core-3.9.6.jar
2025-08-16 12:32:08,858 [Worker-56: Launching Executing install in D__SpringBoot_Microservices_Project_microservices_catlog-services] INFO  o.eclipse.m2e.core.internal.Bundles - 	Entry: C:\STS\sts-4.22.0.RELEASE\plugins\org.eclipse.m2e.maven.runtime_3.9.600.20231203-1234\jars\maven-embedder-3.9.6.jar
2025-08-16 12:32:08,858 [Worker-56: Launching Executing install in D__SpringBoot_Microservices_Project_microservices_catlog-services] INFO  o.eclipse.m2e.core.internal.Bundles - 	Entry: C:\STS\sts-4.22.0.RELEASE\plugins\org.eclipse.m2e.maven.runtime_3.9.600.20231203-1234\jars\maven-model-3.9.6.jar
2025-08-16 12:32:08,858 [Worker-56: Launching Executing install in D__SpringBoot_Microservices_Project_microservices_catlog-services] INFO  o.eclipse.m2e.core.internal.Bundles - 	Entry: C:\STS\sts-4.22.0.RELEASE\plugins\org.eclipse.m2e.maven.runtime_3.9.600.20231203-1234\jars\maven-model-builder-3.9.6.jar
2025-08-16 12:32:08,859 [Worker-56: Launching Executing install in D__SpringBoot_Microservices_Project_microservices_catlog-services] INFO  o.eclipse.m2e.core.internal.Bundles - 	Entry: C:\STS\sts-4.22.0.RELEASE\plugins\org.eclipse.m2e.maven.runtime_3.9.600.20231203-1234\jars\maven-plugin-api-3.9.6.jar
2025-08-16 12:32:08,859 [Worker-56: Launching Executing install in D__SpringBoot_Microservices_Project_microservices_catlog-services] INFO  o.eclipse.m2e.core.internal.Bundles - 	Entry: C:\STS\sts-4.22.0.RELEASE\plugins\org.eclipse.m2e.maven.runtime_3.9.600.20231203-1234\jars\maven-repository-metadata-3.9.6.jar
2025-08-16 12:32:08,860 [Worker-56: Launching Executing install in D__SpringBoot_Microservices_Project_microservices_catlog-services] INFO  o.eclipse.m2e.core.internal.Bundles - 	Entry: C:\STS\sts-4.22.0.RELEASE\plugins\org.eclipse.m2e.maven.runtime_3.9.600.20231203-1234\jars\maven-resolver-api-1.9.18.jar
2025-08-16 12:32:08,860 [Worker-56: Launching Executing install in D__SpringBoot_Microservices_Project_microservices_catlog-services] INFO  o.eclipse.m2e.core.internal.Bundles - 	Entry: C:\STS\sts-4.22.0.RELEASE\plugins\org.eclipse.m2e.maven.runtime_3.9.600.20231203-1234\jars\maven-resolver-connector-basic-1.9.18.jar
2025-08-16 12:32:08,860 [Worker-56: Launching Executing install in D__SpringBoot_Microservices_Project_microservices_catlog-services] INFO  o.eclipse.m2e.core.internal.Bundles - 	Entry: C:\STS\sts-4.22.0.RELEASE\plugins\org.eclipse.m2e.maven.runtime_3.9.600.20231203-1234\jars\maven-resolver-impl-1.9.18.jar
2025-08-16 12:32:08,861 [Worker-56: Launching Executing install in D__SpringBoot_Microservices_Project_microservices_catlog-services] INFO  o.eclipse.m2e.core.internal.Bundles - 	Entry: C:\STS\sts-4.22.0.RELEASE\plugins\org.eclipse.m2e.maven.runtime_3.9.600.20231203-1234\jars\maven-resolver-named-locks-1.9.18.jar
2025-08-16 12:32:08,862 [Worker-56: Launching Executing install in D__SpringBoot_Microservices_Project_microservices_catlog-services] INFO  o.eclipse.m2e.core.internal.Bundles - 	Entry: C:\STS\sts-4.22.0.RELEASE\plugins\org.eclipse.m2e.maven.runtime_3.9.600.20231203-1234\jars\maven-resolver-provider-3.9.6.jar
2025-08-16 12:32:08,863 [Worker-56: Launching Executing install in D__SpringBoot_Microservices_Project_microservices_catlog-services] INFO  o.eclipse.m2e.core.internal.Bundles - 	Entry: C:\STS\sts-4.22.0.RELEASE\plugins\org.eclipse.m2e.maven.runtime_3.9.600.20231203-1234\jars\maven-resolver-spi-1.9.18.jar
2025-08-16 12:32:08,864 [Worker-56: Launching Executing install in D__SpringBoot_Microservices_Project_microservices_catlog-services] INFO  o.eclipse.m2e.core.internal.Bundles - 	Entry: C:\STS\sts-4.22.0.RELEASE\plugins\org.eclipse.m2e.maven.runtime_3.9.600.20231203-1234\jars\maven-resolver-transport-file-1.9.18.jar
2025-08-16 12:32:08,866 [Worker-56: Launching Executing install in D__SpringBoot_Microservices_Project_microservices_catlog-services] INFO  o.eclipse.m2e.core.internal.Bundles - 	Entry: C:\STS\sts-4.22.0.RELEASE\plugins\org.eclipse.m2e.maven.runtime_3.9.600.20231203-1234\jars\maven-resolver-transport-http-1.9.18.jar
2025-08-16 12:32:08,867 [Worker-56: Launching Executing install in D__SpringBoot_Microservices_Project_microservices_catlog-services] INFO  o.eclipse.m2e.core.internal.Bundles - 	Entry: C:\STS\sts-4.22.0.RELEASE\plugins\org.eclipse.m2e.maven.runtime_3.9.600.20231203-1234\jars\maven-resolver-transport-wagon-1.9.18.jar
2025-08-16 12:32:08,868 [Worker-56: Launching Executing install in D__SpringBoot_Microservices_Project_microservices_catlog-services] INFO  o.eclipse.m2e.core.internal.Bundles - 	Entry: C:\STS\sts-4.22.0.RELEASE\plugins\org.eclipse.m2e.maven.runtime_3.9.600.20231203-1234\jars\maven-resolver-util-1.9.18.jar
2025-08-16 12:32:08,868 [Worker-56: Launching Executing install in D__SpringBoot_Microservices_Project_microservices_catlog-services] INFO  o.eclipse.m2e.core.internal.Bundles - 	Entry: C:\STS\sts-4.22.0.RELEASE\plugins\org.eclipse.m2e.maven.runtime_3.9.600.20231203-1234\jars\maven-settings-3.9.6.jar
2025-08-16 12:32:08,869 [Worker-56: Launching Executing install in D__SpringBoot_Microservices_Project_microservices_catlog-services] INFO  o.eclipse.m2e.core.internal.Bundles - 	Entry: C:\STS\sts-4.22.0.RELEASE\plugins\org.eclipse.m2e.maven.runtime_3.9.600.20231203-1234\jars\maven-settings-builder-3.9.6.jar
2025-08-16 12:32:08,870 [Worker-56: Launching Executing install in D__SpringBoot_Microservices_Project_microservices_catlog-services] INFO  o.eclipse.m2e.core.internal.Bundles - 	Entry: C:\STS\sts-4.22.0.RELEASE\plugins\org.eclipse.m2e.maven.runtime_3.9.600.20231203-1234\jars\maven-shared-utils-3.3.4.jar
2025-08-16 12:32:08,871 [Worker-56: Launching Executing install in D__SpringBoot_Microservices_Project_microservices_catlog-services] INFO  o.eclipse.m2e.core.internal.Bundles - 	Entry: C:\STS\sts-4.22.0.RELEASE\plugins\org.eclipse.m2e.maven.runtime_3.9.600.20231203-1234\jars\org.eclipse.sisu.inject-0.9.0.M2.jar
2025-08-16 12:32:08,872 [Worker-56: Launching Executing install in D__SpringBoot_Microservices_Project_microservices_catlog-services] INFO  o.eclipse.m2e.core.internal.Bundles - 	Entry: C:\STS\sts-4.22.0.RELEASE\plugins\org.eclipse.m2e.maven.runtime_3.9.600.20231203-1234\jars\org.eclipse.sisu.plexus-0.9.0.M2.jar
2025-08-16 12:32:08,872 [Worker-56: Launching Executing install in D__SpringBoot_Microservices_Project_microservices_catlog-services] INFO  o.eclipse.m2e.core.internal.Bundles - 	Entry: C:\STS\sts-4.22.0.RELEASE\plugins\org.eclipse.m2e.maven.runtime_3.9.600.20231203-1234\jars\plexus-build-api-0.0.7.jar
2025-08-16 12:32:08,873 [Worker-56: Launching Executing install in D__SpringBoot_Microservices_Project_microservices_catlog-services] INFO  o.eclipse.m2e.core.internal.Bundles - 	Entry: C:\STS\sts-4.22.0.RELEASE\plugins\org.eclipse.m2e.maven.runtime_3.9.600.20231203-1234\jars\plexus-cipher-2.0.jar
2025-08-16 12:32:08,873 [Worker-56: Launching Executing install in D__SpringBoot_Microservices_Project_microservices_catlog-services] INFO  o.eclipse.m2e.core.internal.Bundles - 	Entry: C:\STS\sts-4.22.0.RELEASE\plugins\org.eclipse.m2e.maven.runtime_3.9.600.20231203-1234\jars\plexus-classworlds-2.7.0.jar
2025-08-16 12:32:08,874 [Worker-56: Launching Executing install in D__SpringBoot_Microservices_Project_microservices_catlog-services] INFO  o.eclipse.m2e.core.internal.Bundles - 	Entry: C:\STS\sts-4.22.0.RELEASE\plugins\org.eclipse.m2e.maven.runtime_3.9.600.20231203-1234\jars\plexus-component-annotations-2.1.0.jar
2025-08-16 12:32:08,874 [Worker-56: Launching Executing install in D__SpringBoot_Microservices_Project_microservices_catlog-services] INFO  o.eclipse.m2e.core.internal.Bundles - 	Entry: C:\STS\sts-4.22.0.RELEASE\plugins\org.eclipse.m2e.maven.runtime_3.9.600.20231203-1234\jars\plexus-interpolation-1.26.jar
2025-08-16 12:32:08,874 [Worker-56: Launching Executing install in D__SpringBoot_Microservices_Project_microservices_catlog-services] INFO  o.eclipse.m2e.core.internal.Bundles - 	Entry: C:\STS\sts-4.22.0.RELEASE\plugins\org.eclipse.m2e.maven.runtime_3.9.600.20231203-1234\jars\plexus-sec-dispatcher-2.0.jar
2025-08-16 12:32:08,874 [Worker-56: Launching Executing install in D__SpringBoot_Microservices_Project_microservices_catlog-services] INFO  o.eclipse.m2e.core.internal.Bundles - 	Entry: C:\STS\sts-4.22.0.RELEASE\plugins\org.eclipse.m2e.maven.runtime_3.9.600.20231203-1234\jars\plexus-utils-3.5.1.jar
2025-08-16 12:32:08,875 [Worker-56: Launching Executing install in D__SpringBoot_Microservices_Project_microservices_catlog-services] INFO  o.eclipse.m2e.core.internal.Bundles - 	Entry: C:\STS\sts-4.22.0.RELEASE\plugins\org.eclipse.m2e.maven.runtime_3.9.600.20231203-1234\jars\wagon-file-3.5.3.jar
2025-08-16 12:32:08,876 [Worker-56: Launching Executing install in D__SpringBoot_Microservices_Project_microservices_catlog-services] INFO  o.eclipse.m2e.core.internal.Bundles - 	Entry: C:\STS\sts-4.22.0.RELEASE\plugins\org.eclipse.m2e.maven.runtime_3.9.600.20231203-1234\jars\wagon-http-3.5.3.jar
2025-08-16 12:32:08,876 [Worker-56: Launching Executing install in D__SpringBoot_Microservices_Project_microservices_catlog-services] INFO  o.eclipse.m2e.core.internal.Bundles - 	Entry: C:\STS\sts-4.22.0.RELEASE\plugins\org.eclipse.m2e.maven.runtime_3.9.600.20231203-1234\jars\wagon-http-shared-3.5.3.jar
2025-08-16 12:32:08,876 [Worker-56: Launching Executing install in D__SpringBoot_Microservices_Project_microservices_catlog-services] INFO  o.eclipse.m2e.core.internal.Bundles - 	Entry: C:\STS\sts-4.22.0.RELEASE\plugins\org.eclipse.m2e.maven.runtime_3.9.600.20231203-1234\jars\wagon-provider-api-3.5.3.jar
2025-08-16 12:32:08,887 [Worker-56: Launching Executing install in D__SpringBoot_Microservices_Project_microservices_catlog-services] INFO  o.eclipse.m2e.core.internal.Bundles - getClasspathEntries(Bundle=com.google.guava_33.0.0.jre [27])
2025-08-16 12:32:08,889 [Worker-56: Launching Executing install in D__SpringBoot_Microservices_Project_microservices_catlog-services] INFO  o.eclipse.m2e.core.internal.Bundles - 	Entry: C:\STS\sts-4.22.0.RELEASE\plugins\com.google.guava_33.0.0.jre.jar
2025-08-16 12:32:08,889 [Worker-56: Launching Executing install in D__SpringBoot_Microservices_Project_microservices_catlog-services] INFO  o.eclipse.m2e.core.internal.Bundles - getClasspathEntries(Bundle=slf4j.api_2.0.12 [583])
2025-08-16 12:32:08,891 [Worker-56: Launching Executing install in D__SpringBoot_Microservices_Project_microservices_catlog-services] INFO  o.eclipse.m2e.core.internal.Bundles - 	Entry: C:\STS\sts-4.22.0.RELEASE\plugins\slf4j.api_2.0.12.jar
2025-08-16 12:32:08,891 [Worker-56: Launching Executing install in D__SpringBoot_Microservices_Project_microservices_catlog-services] INFO  o.eclipse.m2e.core.internal.Bundles - getClasspathEntries(Bundle=jakarta.inject.jakarta.inject-api_1.0.5 [44])
2025-08-16 12:32:08,893 [Worker-56: Launching Executing install in D__SpringBoot_Microservices_Project_microservices_catlog-services] INFO  o.eclipse.m2e.core.internal.Bundles - 	Entry: C:\STS\sts-4.22.0.RELEASE\plugins\jakarta.inject.jakarta.inject-api_1.0.5.jar
2025-08-16 12:32:08,894 [Worker-56: Launching Executing install in D__SpringBoot_Microservices_Project_microservices_catlog-services] INFO  o.eclipse.m2e.core.internal.Bundles - getClasspathEntries(Bundle=jakarta.annotation-api_1.3.5 [40])
2025-08-16 12:32:08,894 [Worker-56: Launching Executing install in D__SpringBoot_Microservices_Project_microservices_catlog-services] INFO  o.eclipse.m2e.core.internal.Bundles - 	Entry: C:\STS\sts-4.22.0.RELEASE\plugins\jakarta.annotation-api_1.3.5.jar
2025-08-16 12:32:08,895 [Worker-56: Launching Executing install in D__SpringBoot_Microservices_Project_microservices_catlog-services] INFO  o.eclipse.m2e.core.internal.Bundles - getClasspathEntries(Bundle=org.apache.commons.cli_1.6.0 [75])
2025-08-16 12:32:08,897 [Worker-56: Launching Executing install in D__SpringBoot_Microservices_Project_microservices_catlog-services] INFO  o.eclipse.m2e.core.internal.Bundles - 	Entry: C:\STS\sts-4.22.0.RELEASE\plugins\org.apache.commons.cli_1.6.0.jar
2025-08-16 12:32:08,897 [Worker-56: Launching Executing install in D__SpringBoot_Microservices_Project_microservices_catlog-services] INFO  o.eclipse.m2e.core.internal.Bundles - getClasspathEntries(Bundle=org.apache.commons.commons-codec_1.16.0 [77])
2025-08-16 12:32:08,899 [Worker-56: Launching Executing install in D__SpringBoot_Microservices_Project_microservices_catlog-services] INFO  o.eclipse.m2e.core.internal.Bundles - 	Entry: C:\STS\sts-4.22.0.RELEASE\plugins\org.apache.commons.commons-codec_1.16.0.jar
2025-08-16 12:32:08,899 [Worker-56: Launching Executing install in D__SpringBoot_Microservices_Project_microservices_catlog-services] INFO  o.eclipse.m2e.core.internal.Bundles - getClasspathEntries(Bundle=org.apache.commons.lang3_3.14.0 [81])
2025-08-16 12:32:08,901 [Worker-56: Launching Executing install in D__SpringBoot_Microservices_Project_microservices_catlog-services] INFO  o.eclipse.m2e.core.internal.Bundles - 	Entry: C:\STS\sts-4.22.0.RELEASE\plugins\org.apache.commons.lang3_3.14.0.jar
2025-08-16 12:32:08,901 [Worker-56: Launching Executing install in D__SpringBoot_Microservices_Project_microservices_catlog-services] INFO  o.eclipse.m2e.core.internal.Bundles - getClasspathEntries(Bundle=com.google.guava.failureaccess_1.0.2 [29])
2025-08-16 12:32:08,901 [Worker-56: Launching Executing install in D__SpringBoot_Microservices_Project_microservices_catlog-services] INFO  o.eclipse.m2e.core.internal.Bundles - 	Entry: C:\STS\sts-4.22.0.RELEASE\plugins\com.google.guava.failureaccess_1.0.2.jar
2025-08-16 12:32:08,930 [Worker-56: Launching Executing install in D__SpringBoot_Microservices_Project_microservices_catlog-services] INFO  o.e.m.i.launch.MavenLaunchDelegate - Run build in "D:\SpringBoot_Microservices_Project\microservices\catlog-services":
2025-08-16 12:32:08,937 [Worker-56: Launching Executing install in D__SpringBoot_Microservices_Project_microservices_catlog-services] INFO  o.e.m.i.launch.MavenLaunchDelegate -  mvn  -B -Dstyle.color=always install
2025-08-16 12:38:53,301 [main] INFO  o.e.m2e.actions.ExecutePomAction - Creating new launch configuration
2025-08-16 12:39:04,267 [Worker-53: Launching catlog-services] INFO  o.eclipse.m2e.core.internal.Bundles - getClasspathEntries(Bundle=org.eclipse.m2e.maven.runtime_3.9.600.20231203-1234 [354])
2025-08-16 12:39:04,273 [Worker-53: Launching catlog-services] INFO  o.eclipse.m2e.core.internal.Bundles - 	Entry: C:\STS\sts-4.22.0.RELEASE\plugins\org.eclipse.m2e.maven.runtime_3.9.600.20231203-1234
2025-08-16 12:39:04,275 [Worker-53: Launching catlog-services] INFO  o.eclipse.m2e.core.internal.Bundles - 	Entry: C:\STS\sts-4.22.0.RELEASE\plugins\org.eclipse.m2e.maven.runtime_3.9.600.20231203-1234\jars\aopalliance-1.0.jar
2025-08-16 12:39:04,276 [Worker-53: Launching catlog-services] INFO  o.eclipse.m2e.core.internal.Bundles - 	Entry: C:\STS\sts-4.22.0.RELEASE\plugins\org.eclipse.m2e.maven.runtime_3.9.600.20231203-1234\jars\guice-5.1.0.jar
2025-08-16 12:39:04,276 [Worker-53: Launching catlog-services] INFO  o.eclipse.m2e.core.internal.Bundles - 	Entry: C:\STS\sts-4.22.0.RELEASE\plugins\org.eclipse.m2e.maven.runtime_3.9.600.20231203-1234\jars\httpclient-4.5.14.jar
2025-08-16 12:39:04,276 [Worker-53: Launching catlog-services] INFO  o.eclipse.m2e.core.internal.Bundles - 	Entry: C:\STS\sts-4.22.0.RELEASE\plugins\org.eclipse.m2e.maven.runtime_3.9.600.20231203-1234\jars\httpcore-4.4.16.jar
2025-08-16 12:39:04,277 [Worker-53: Launching catlog-services] INFO  o.eclipse.m2e.core.internal.Bundles - 	Entry: C:\STS\sts-4.22.0.RELEASE\plugins\org.eclipse.m2e.maven.runtime_3.9.600.20231203-1234\jars\jansi-2.4.0.jar
2025-08-16 12:39:04,277 [Worker-53: Launching catlog-services] INFO  o.eclipse.m2e.core.internal.Bundles - 	Entry: C:\STS\sts-4.22.0.RELEASE\plugins\org.eclipse.m2e.maven.runtime_3.9.600.20231203-1234\jars\jcl-over-slf4j-1.7.36.jar
2025-08-16 12:39:04,277 [Worker-53: Launching catlog-services] INFO  o.eclipse.m2e.core.internal.Bundles - 	Entry: C:\STS\sts-4.22.0.RELEASE\plugins\org.eclipse.m2e.maven.runtime_3.9.600.20231203-1234\jars\maven-artifact-3.9.6.jar
2025-08-16 12:39:04,277 [Worker-53: Launching catlog-services] INFO  o.eclipse.m2e.core.internal.Bundles - 	Entry: C:\STS\sts-4.22.0.RELEASE\plugins\org.eclipse.m2e.maven.runtime_3.9.600.20231203-1234\jars\maven-builder-support-3.9.6.jar
2025-08-16 12:39:04,278 [Worker-53: Launching catlog-services] INFO  o.eclipse.m2e.core.internal.Bundles - 	Entry: C:\STS\sts-4.22.0.RELEASE\plugins\org.eclipse.m2e.maven.runtime_3.9.600.20231203-1234\jars\maven-compat-3.9.6.jar
2025-08-16 12:39:04,278 [Worker-53: Launching catlog-services] INFO  o.eclipse.m2e.core.internal.Bundles - 	Entry: C:\STS\sts-4.22.0.RELEASE\plugins\org.eclipse.m2e.maven.runtime_3.9.600.20231203-1234\jars\maven-core-3.9.6.jar
2025-08-16 12:39:04,278 [Worker-53: Launching catlog-services] INFO  o.eclipse.m2e.core.internal.Bundles - 	Entry: C:\STS\sts-4.22.0.RELEASE\plugins\org.eclipse.m2e.maven.runtime_3.9.600.20231203-1234\jars\maven-embedder-3.9.6.jar
2025-08-16 12:39:04,278 [Worker-53: Launching catlog-services] INFO  o.eclipse.m2e.core.internal.Bundles - 	Entry: C:\STS\sts-4.22.0.RELEASE\plugins\org.eclipse.m2e.maven.runtime_3.9.600.20231203-1234\jars\maven-model-3.9.6.jar
2025-08-16 12:39:04,279 [Worker-53: Launching catlog-services] INFO  o.eclipse.m2e.core.internal.Bundles - 	Entry: C:\STS\sts-4.22.0.RELEASE\plugins\org.eclipse.m2e.maven.runtime_3.9.600.20231203-1234\jars\maven-model-builder-3.9.6.jar
2025-08-16 12:39:04,279 [Worker-53: Launching catlog-services] INFO  o.eclipse.m2e.core.internal.Bundles - 	Entry: C:\STS\sts-4.22.0.RELEASE\plugins\org.eclipse.m2e.maven.runtime_3.9.600.20231203-1234\jars\maven-plugin-api-3.9.6.jar
2025-08-16 12:39:04,280 [Worker-53: Launching catlog-services] INFO  o.eclipse.m2e.core.internal.Bundles - 	Entry: C:\STS\sts-4.22.0.RELEASE\plugins\org.eclipse.m2e.maven.runtime_3.9.600.20231203-1234\jars\maven-repository-metadata-3.9.6.jar
2025-08-16 12:39:04,280 [Worker-53: Launching catlog-services] INFO  o.eclipse.m2e.core.internal.Bundles - 	Entry: C:\STS\sts-4.22.0.RELEASE\plugins\org.eclipse.m2e.maven.runtime_3.9.600.20231203-1234\jars\maven-resolver-api-1.9.18.jar
2025-08-16 12:39:04,281 [Worker-53: Launching catlog-services] INFO  o.eclipse.m2e.core.internal.Bundles - 	Entry: C:\STS\sts-4.22.0.RELEASE\plugins\org.eclipse.m2e.maven.runtime_3.9.600.20231203-1234\jars\maven-resolver-connector-basic-1.9.18.jar
2025-08-16 12:39:04,281 [Worker-53: Launching catlog-services] INFO  o.eclipse.m2e.core.internal.Bundles - 	Entry: C:\STS\sts-4.22.0.RELEASE\plugins\org.eclipse.m2e.maven.runtime_3.9.600.20231203-1234\jars\maven-resolver-impl-1.9.18.jar
2025-08-16 12:39:04,281 [Worker-53: Launching catlog-services] INFO  o.eclipse.m2e.core.internal.Bundles - 	Entry: C:\STS\sts-4.22.0.RELEASE\plugins\org.eclipse.m2e.maven.runtime_3.9.600.20231203-1234\jars\maven-resolver-named-locks-1.9.18.jar
2025-08-16 12:39:04,282 [Worker-53: Launching catlog-services] INFO  o.eclipse.m2e.core.internal.Bundles - 	Entry: C:\STS\sts-4.22.0.RELEASE\plugins\org.eclipse.m2e.maven.runtime_3.9.600.20231203-1234\jars\maven-resolver-provider-3.9.6.jar
2025-08-16 12:39:04,283 [Worker-53: Launching catlog-services] INFO  o.eclipse.m2e.core.internal.Bundles - 	Entry: C:\STS\sts-4.22.0.RELEASE\plugins\org.eclipse.m2e.maven.runtime_3.9.600.20231203-1234\jars\maven-resolver-spi-1.9.18.jar
2025-08-16 12:39:04,283 [Worker-53: Launching catlog-services] INFO  o.eclipse.m2e.core.internal.Bundles - 	Entry: C:\STS\sts-4.22.0.RELEASE\plugins\org.eclipse.m2e.maven.runtime_3.9.600.20231203-1234\jars\maven-resolver-transport-file-1.9.18.jar
2025-08-16 12:39:04,283 [Worker-53: Launching catlog-services] INFO  o.eclipse.m2e.core.internal.Bundles - 	Entry: C:\STS\sts-4.22.0.RELEASE\plugins\org.eclipse.m2e.maven.runtime_3.9.600.20231203-1234\jars\maven-resolver-transport-http-1.9.18.jar
2025-08-16 12:39:04,283 [Worker-53: Launching catlog-services] INFO  o.eclipse.m2e.core.internal.Bundles - 	Entry: C:\STS\sts-4.22.0.RELEASE\plugins\org.eclipse.m2e.maven.runtime_3.9.600.20231203-1234\jars\maven-resolver-transport-wagon-1.9.18.jar
2025-08-16 12:39:04,284 [Worker-53: Launching catlog-services] INFO  o.eclipse.m2e.core.internal.Bundles - 	Entry: C:\STS\sts-4.22.0.RELEASE\plugins\org.eclipse.m2e.maven.runtime_3.9.600.20231203-1234\jars\maven-resolver-util-1.9.18.jar
2025-08-16 12:39:04,284 [Worker-53: Launching catlog-services] INFO  o.eclipse.m2e.core.internal.Bundles - 	Entry: C:\STS\sts-4.22.0.RELEASE\plugins\org.eclipse.m2e.maven.runtime_3.9.600.20231203-1234\jars\maven-settings-3.9.6.jar
2025-08-16 12:39:04,284 [Worker-53: Launching catlog-services] INFO  o.eclipse.m2e.core.internal.Bundles - 	Entry: C:\STS\sts-4.22.0.RELEASE\plugins\org.eclipse.m2e.maven.runtime_3.9.600.20231203-1234\jars\maven-settings-builder-3.9.6.jar
2025-08-16 12:39:04,284 [Worker-53: Launching catlog-services] INFO  o.eclipse.m2e.core.internal.Bundles - 	Entry: C:\STS\sts-4.22.0.RELEASE\plugins\org.eclipse.m2e.maven.runtime_3.9.600.20231203-1234\jars\maven-shared-utils-3.3.4.jar
2025-08-16 12:39:04,285 [Worker-53: Launching catlog-services] INFO  o.eclipse.m2e.core.internal.Bundles - 	Entry: C:\STS\sts-4.22.0.RELEASE\plugins\org.eclipse.m2e.maven.runtime_3.9.600.20231203-1234\jars\org.eclipse.sisu.inject-0.9.0.M2.jar
2025-08-16 12:39:04,285 [Worker-53: Launching catlog-services] INFO  o.eclipse.m2e.core.internal.Bundles - 	Entry: C:\STS\sts-4.22.0.RELEASE\plugins\org.eclipse.m2e.maven.runtime_3.9.600.20231203-1234\jars\org.eclipse.sisu.plexus-0.9.0.M2.jar
2025-08-16 12:39:04,285 [Worker-53: Launching catlog-services] INFO  o.eclipse.m2e.core.internal.Bundles - 	Entry: C:\STS\sts-4.22.0.RELEASE\plugins\org.eclipse.m2e.maven.runtime_3.9.600.20231203-1234\jars\plexus-build-api-0.0.7.jar
2025-08-16 12:39:04,285 [Worker-53: Launching catlog-services] INFO  o.eclipse.m2e.core.internal.Bundles - 	Entry: C:\STS\sts-4.22.0.RELEASE\plugins\org.eclipse.m2e.maven.runtime_3.9.600.20231203-1234\jars\plexus-cipher-2.0.jar
2025-08-16 12:39:04,285 [Worker-53: Launching catlog-services] INFO  o.eclipse.m2e.core.internal.Bundles - 	Entry: C:\STS\sts-4.22.0.RELEASE\plugins\org.eclipse.m2e.maven.runtime_3.9.600.20231203-1234\jars\plexus-classworlds-2.7.0.jar
2025-08-16 12:39:04,285 [Worker-53: Launching catlog-services] INFO  o.eclipse.m2e.core.internal.Bundles - 	Entry: C:\STS\sts-4.22.0.RELEASE\plugins\org.eclipse.m2e.maven.runtime_3.9.600.20231203-1234\jars\plexus-component-annotations-2.1.0.jar
2025-08-16 12:39:04,287 [Worker-53: Launching catlog-services] INFO  o.eclipse.m2e.core.internal.Bundles - 	Entry: C:\STS\sts-4.22.0.RELEASE\plugins\org.eclipse.m2e.maven.runtime_3.9.600.20231203-1234\jars\plexus-interpolation-1.26.jar
2025-08-16 12:39:04,287 [Worker-53: Launching catlog-services] INFO  o.eclipse.m2e.core.internal.Bundles - 	Entry: C:\STS\sts-4.22.0.RELEASE\plugins\org.eclipse.m2e.maven.runtime_3.9.600.20231203-1234\jars\plexus-sec-dispatcher-2.0.jar
2025-08-16 12:39:04,287 [Worker-53: Launching catlog-services] INFO  o.eclipse.m2e.core.internal.Bundles - 	Entry: C:\STS\sts-4.22.0.RELEASE\plugins\org.eclipse.m2e.maven.runtime_3.9.600.20231203-1234\jars\plexus-utils-3.5.1.jar
2025-08-16 12:39:04,287 [Worker-53: Launching catlog-services] INFO  o.eclipse.m2e.core.internal.Bundles - 	Entry: C:\STS\sts-4.22.0.RELEASE\plugins\org.eclipse.m2e.maven.runtime_3.9.600.20231203-1234\jars\wagon-file-3.5.3.jar
2025-08-16 12:39:04,287 [Worker-53: Launching catlog-services] INFO  o.eclipse.m2e.core.internal.Bundles - 	Entry: C:\STS\sts-4.22.0.RELEASE\plugins\org.eclipse.m2e.maven.runtime_3.9.600.20231203-1234\jars\wagon-http-3.5.3.jar
2025-08-16 12:39:04,288 [Worker-53: Launching catlog-services] INFO  o.eclipse.m2e.core.internal.Bundles - 	Entry: C:\STS\sts-4.22.0.RELEASE\plugins\org.eclipse.m2e.maven.runtime_3.9.600.20231203-1234\jars\wagon-http-shared-3.5.3.jar
2025-08-16 12:39:04,288 [Worker-53: Launching catlog-services] INFO  o.eclipse.m2e.core.internal.Bundles - 	Entry: C:\STS\sts-4.22.0.RELEASE\plugins\org.eclipse.m2e.maven.runtime_3.9.600.20231203-1234\jars\wagon-provider-api-3.5.3.jar
2025-08-16 12:39:04,292 [Worker-53: Launching catlog-services] INFO  o.eclipse.m2e.core.internal.Bundles - getClasspathEntries(Bundle=com.google.guava_33.0.0.jre [27])
2025-08-16 12:39:04,294 [Worker-53: Launching catlog-services] INFO  o.eclipse.m2e.core.internal.Bundles - 	Entry: C:\STS\sts-4.22.0.RELEASE\plugins\com.google.guava_33.0.0.jre.jar
2025-08-16 12:39:04,294 [Worker-53: Launching catlog-services] INFO  o.eclipse.m2e.core.internal.Bundles - getClasspathEntries(Bundle=slf4j.api_2.0.12 [583])
2025-08-16 12:39:04,296 [Worker-53: Launching catlog-services] INFO  o.eclipse.m2e.core.internal.Bundles - 	Entry: C:\STS\sts-4.22.0.RELEASE\plugins\slf4j.api_2.0.12.jar
2025-08-16 12:39:04,296 [Worker-53: Launching catlog-services] INFO  o.eclipse.m2e.core.internal.Bundles - getClasspathEntries(Bundle=jakarta.inject.jakarta.inject-api_1.0.5 [44])
2025-08-16 12:39:04,296 [Worker-53: Launching catlog-services] INFO  o.eclipse.m2e.core.internal.Bundles - 	Entry: C:\STS\sts-4.22.0.RELEASE\plugins\jakarta.inject.jakarta.inject-api_1.0.5.jar
2025-08-16 12:39:04,296 [Worker-53: Launching catlog-services] INFO  o.eclipse.m2e.core.internal.Bundles - getClasspathEntries(Bundle=jakarta.annotation-api_1.3.5 [40])
2025-08-16 12:39:04,297 [Worker-53: Launching catlog-services] INFO  o.eclipse.m2e.core.internal.Bundles - 	Entry: C:\STS\sts-4.22.0.RELEASE\plugins\jakarta.annotation-api_1.3.5.jar
2025-08-16 12:39:04,297 [Worker-53: Launching catlog-services] INFO  o.eclipse.m2e.core.internal.Bundles - getClasspathEntries(Bundle=org.apache.commons.cli_1.6.0 [75])
2025-08-16 12:39:04,298 [Worker-53: Launching catlog-services] INFO  o.eclipse.m2e.core.internal.Bundles - 	Entry: C:\STS\sts-4.22.0.RELEASE\plugins\org.apache.commons.cli_1.6.0.jar
2025-08-16 12:39:04,298 [Worker-53: Launching catlog-services] INFO  o.eclipse.m2e.core.internal.Bundles - getClasspathEntries(Bundle=org.apache.commons.commons-codec_1.16.0 [77])
2025-08-16 12:39:04,299 [Worker-53: Launching catlog-services] INFO  o.eclipse.m2e.core.internal.Bundles - 	Entry: C:\STS\sts-4.22.0.RELEASE\plugins\org.apache.commons.commons-codec_1.16.0.jar
2025-08-16 12:39:04,300 [Worker-53: Launching catlog-services] INFO  o.eclipse.m2e.core.internal.Bundles - getClasspathEntries(Bundle=org.apache.commons.lang3_3.14.0 [81])
2025-08-16 12:39:04,300 [Worker-53: Launching catlog-services] INFO  o.eclipse.m2e.core.internal.Bundles - 	Entry: C:\STS\sts-4.22.0.RELEASE\plugins\org.apache.commons.lang3_3.14.0.jar
2025-08-16 12:39:04,300 [Worker-53: Launching catlog-services] INFO  o.eclipse.m2e.core.internal.Bundles - getClasspathEntries(Bundle=com.google.guava.failureaccess_1.0.2 [29])
2025-08-16 12:39:04,301 [Worker-53: Launching catlog-services] INFO  o.eclipse.m2e.core.internal.Bundles - 	Entry: C:\STS\sts-4.22.0.RELEASE\plugins\com.google.guava.failureaccess_1.0.2.jar
2025-08-16 12:39:04,306 [Worker-53: Launching catlog-services] INFO  o.e.m.i.launch.MavenLaunchDelegate - Run build in "D:\SpringBoot_Microservices_Project\microservices\catlog-services":
2025-08-16 12:39:04,307 [Worker-53: Launching catlog-services] INFO  o.e.m.i.launch.MavenLaunchDelegate -  mvn  -B -Dstyle.color=always 
2025-08-16 12:39:19,884 [Worker-43: Launching Executing install in D__SpringBoot_Microservices_Project_microservices_catlog-services] INFO  o.eclipse.m2e.core.internal.Bundles - getClasspathEntries(Bundle=org.eclipse.m2e.maven.runtime_3.9.600.20231203-1234 [354])
2025-08-16 12:39:19,889 [Worker-43: Launching Executing install in D__SpringBoot_Microservices_Project_microservices_catlog-services] INFO  o.eclipse.m2e.core.internal.Bundles - 	Entry: C:\STS\sts-4.22.0.RELEASE\plugins\org.eclipse.m2e.maven.runtime_3.9.600.20231203-1234
2025-08-16 12:39:19,889 [Worker-43: Launching Executing install in D__SpringBoot_Microservices_Project_microservices_catlog-services] INFO  o.eclipse.m2e.core.internal.Bundles - 	Entry: C:\STS\sts-4.22.0.RELEASE\plugins\org.eclipse.m2e.maven.runtime_3.9.600.20231203-1234\jars\aopalliance-1.0.jar
2025-08-16 12:39:19,890 [Worker-43: Launching Executing install in D__SpringBoot_Microservices_Project_microservices_catlog-services] INFO  o.eclipse.m2e.core.internal.Bundles - 	Entry: C:\STS\sts-4.22.0.RELEASE\plugins\org.eclipse.m2e.maven.runtime_3.9.600.20231203-1234\jars\guice-5.1.0.jar
2025-08-16 12:39:19,891 [Worker-43: Launching Executing install in D__SpringBoot_Microservices_Project_microservices_catlog-services] INFO  o.eclipse.m2e.core.internal.Bundles - 	Entry: C:\STS\sts-4.22.0.RELEASE\plugins\org.eclipse.m2e.maven.runtime_3.9.600.20231203-1234\jars\httpclient-4.5.14.jar
2025-08-16 12:39:19,891 [Worker-43: Launching Executing install in D__SpringBoot_Microservices_Project_microservices_catlog-services] INFO  o.eclipse.m2e.core.internal.Bundles - 	Entry: C:\STS\sts-4.22.0.RELEASE\plugins\org.eclipse.m2e.maven.runtime_3.9.600.20231203-1234\jars\httpcore-4.4.16.jar
2025-08-16 12:39:19,891 [Worker-43: Launching Executing install in D__SpringBoot_Microservices_Project_microservices_catlog-services] INFO  o.eclipse.m2e.core.internal.Bundles - 	Entry: C:\STS\sts-4.22.0.RELEASE\plugins\org.eclipse.m2e.maven.runtime_3.9.600.20231203-1234\jars\jansi-2.4.0.jar
2025-08-16 12:39:19,892 [Worker-43: Launching Executing install in D__SpringBoot_Microservices_Project_microservices_catlog-services] INFO  o.eclipse.m2e.core.internal.Bundles - 	Entry: C:\STS\sts-4.22.0.RELEASE\plugins\org.eclipse.m2e.maven.runtime_3.9.600.20231203-1234\jars\jcl-over-slf4j-1.7.36.jar
2025-08-16 12:39:19,893 [Worker-43: Launching Executing install in D__SpringBoot_Microservices_Project_microservices_catlog-services] INFO  o.eclipse.m2e.core.internal.Bundles - 	Entry: C:\STS\sts-4.22.0.RELEASE\plugins\org.eclipse.m2e.maven.runtime_3.9.600.20231203-1234\jars\maven-artifact-3.9.6.jar
2025-08-16 12:39:19,893 [Worker-43: Launching Executing install in D__SpringBoot_Microservices_Project_microservices_catlog-services] INFO  o.eclipse.m2e.core.internal.Bundles - 	Entry: C:\STS\sts-4.22.0.RELEASE\plugins\org.eclipse.m2e.maven.runtime_3.9.600.20231203-1234\jars\maven-builder-support-3.9.6.jar
2025-08-16 12:39:19,893 [Worker-43: Launching Executing install in D__SpringBoot_Microservices_Project_microservices_catlog-services] INFO  o.eclipse.m2e.core.internal.Bundles - 	Entry: C:\STS\sts-4.22.0.RELEASE\plugins\org.eclipse.m2e.maven.runtime_3.9.600.20231203-1234\jars\maven-compat-3.9.6.jar
2025-08-16 12:39:19,894 [Worker-43: Launching Executing install in D__SpringBoot_Microservices_Project_microservices_catlog-services] INFO  o.eclipse.m2e.core.internal.Bundles - 	Entry: C:\STS\sts-4.22.0.RELEASE\plugins\org.eclipse.m2e.maven.runtime_3.9.600.20231203-1234\jars\maven-core-3.9.6.jar
2025-08-16 12:39:19,894 [Worker-43: Launching Executing install in D__SpringBoot_Microservices_Project_microservices_catlog-services] INFO  o.eclipse.m2e.core.internal.Bundles - 	Entry: C:\STS\sts-4.22.0.RELEASE\plugins\org.eclipse.m2e.maven.runtime_3.9.600.20231203-1234\jars\maven-embedder-3.9.6.jar
2025-08-16 12:39:19,895 [Worker-43: Launching Executing install in D__SpringBoot_Microservices_Project_microservices_catlog-services] INFO  o.eclipse.m2e.core.internal.Bundles - 	Entry: C:\STS\sts-4.22.0.RELEASE\plugins\org.eclipse.m2e.maven.runtime_3.9.600.20231203-1234\jars\maven-model-3.9.6.jar
2025-08-16 12:39:19,895 [Worker-43: Launching Executing install in D__SpringBoot_Microservices_Project_microservices_catlog-services] INFO  o.eclipse.m2e.core.internal.Bundles - 	Entry: C:\STS\sts-4.22.0.RELEASE\plugins\org.eclipse.m2e.maven.runtime_3.9.600.20231203-1234\jars\maven-model-builder-3.9.6.jar
2025-08-16 12:39:19,895 [Worker-43: Launching Executing install in D__SpringBoot_Microservices_Project_microservices_catlog-services] INFO  o.eclipse.m2e.core.internal.Bundles - 	Entry: C:\STS\sts-4.22.0.RELEASE\plugins\org.eclipse.m2e.maven.runtime_3.9.600.20231203-1234\jars\maven-plugin-api-3.9.6.jar
2025-08-16 12:39:19,895 [Worker-43: Launching Executing install in D__SpringBoot_Microservices_Project_microservices_catlog-services] INFO  o.eclipse.m2e.core.internal.Bundles - 	Entry: C:\STS\sts-4.22.0.RELEASE\plugins\org.eclipse.m2e.maven.runtime_3.9.600.20231203-1234\jars\maven-repository-metadata-3.9.6.jar
2025-08-16 12:39:19,895 [Worker-43: Launching Executing install in D__SpringBoot_Microservices_Project_microservices_catlog-services] INFO  o.eclipse.m2e.core.internal.Bundles - 	Entry: C:\STS\sts-4.22.0.RELEASE\plugins\org.eclipse.m2e.maven.runtime_3.9.600.20231203-1234\jars\maven-resolver-api-1.9.18.jar
2025-08-16 12:39:19,895 [Worker-43: Launching Executing install in D__SpringBoot_Microservices_Project_microservices_catlog-services] INFO  o.eclipse.m2e.core.internal.Bundles - 	Entry: C:\STS\sts-4.22.0.RELEASE\plugins\org.eclipse.m2e.maven.runtime_3.9.600.20231203-1234\jars\maven-resolver-connector-basic-1.9.18.jar
2025-08-16 12:39:19,896 [Worker-43: Launching Executing install in D__SpringBoot_Microservices_Project_microservices_catlog-services] INFO  o.eclipse.m2e.core.internal.Bundles - 	Entry: C:\STS\sts-4.22.0.RELEASE\plugins\org.eclipse.m2e.maven.runtime_3.9.600.20231203-1234\jars\maven-resolver-impl-1.9.18.jar
2025-08-16 12:39:19,896 [Worker-43: Launching Executing install in D__SpringBoot_Microservices_Project_microservices_catlog-services] INFO  o.eclipse.m2e.core.internal.Bundles - 	Entry: C:\STS\sts-4.22.0.RELEASE\plugins\org.eclipse.m2e.maven.runtime_3.9.600.20231203-1234\jars\maven-resolver-named-locks-1.9.18.jar
2025-08-16 12:39:19,896 [Worker-43: Launching Executing install in D__SpringBoot_Microservices_Project_microservices_catlog-services] INFO  o.eclipse.m2e.core.internal.Bundles - 	Entry: C:\STS\sts-4.22.0.RELEASE\plugins\org.eclipse.m2e.maven.runtime_3.9.600.20231203-1234\jars\maven-resolver-provider-3.9.6.jar
2025-08-16 12:39:19,896 [Worker-43: Launching Executing install in D__SpringBoot_Microservices_Project_microservices_catlog-services] INFO  o.eclipse.m2e.core.internal.Bundles - 	Entry: C:\STS\sts-4.22.0.RELEASE\plugins\org.eclipse.m2e.maven.runtime_3.9.600.20231203-1234\jars\maven-resolver-spi-1.9.18.jar
2025-08-16 12:39:19,897 [Worker-43: Launching Executing install in D__SpringBoot_Microservices_Project_microservices_catlog-services] INFO  o.eclipse.m2e.core.internal.Bundles - 	Entry: C:\STS\sts-4.22.0.RELEASE\plugins\org.eclipse.m2e.maven.runtime_3.9.600.20231203-1234\jars\maven-resolver-transport-file-1.9.18.jar
2025-08-16 12:39:19,898 [Worker-43: Launching Executing install in D__SpringBoot_Microservices_Project_microservices_catlog-services] INFO  o.eclipse.m2e.core.internal.Bundles - 	Entry: C:\STS\sts-4.22.0.RELEASE\plugins\org.eclipse.m2e.maven.runtime_3.9.600.20231203-1234\jars\maven-resolver-transport-http-1.9.18.jar
2025-08-16 12:39:19,898 [Worker-43: Launching Executing install in D__SpringBoot_Microservices_Project_microservices_catlog-services] INFO  o.eclipse.m2e.core.internal.Bundles - 	Entry: C:\STS\sts-4.22.0.RELEASE\plugins\org.eclipse.m2e.maven.runtime_3.9.600.20231203-1234\jars\maven-resolver-transport-wagon-1.9.18.jar
2025-08-16 12:39:19,898 [Worker-43: Launching Executing install in D__SpringBoot_Microservices_Project_microservices_catlog-services] INFO  o.eclipse.m2e.core.internal.Bundles - 	Entry: C:\STS\sts-4.22.0.RELEASE\plugins\org.eclipse.m2e.maven.runtime_3.9.600.20231203-1234\jars\maven-resolver-util-1.9.18.jar
2025-08-16 12:39:19,899 [Worker-43: Launching Executing install in D__SpringBoot_Microservices_Project_microservices_catlog-services] INFO  o.eclipse.m2e.core.internal.Bundles - 	Entry: C:\STS\sts-4.22.0.RELEASE\plugins\org.eclipse.m2e.maven.runtime_3.9.600.20231203-1234\jars\maven-settings-3.9.6.jar
2025-08-16 12:39:19,899 [Worker-43: Launching Executing install in D__SpringBoot_Microservices_Project_microservices_catlog-services] INFO  o.eclipse.m2e.core.internal.Bundles - 	Entry: C:\STS\sts-4.22.0.RELEASE\plugins\org.eclipse.m2e.maven.runtime_3.9.600.20231203-1234\jars\maven-settings-builder-3.9.6.jar
2025-08-16 12:39:19,899 [Worker-43: Launching Executing install in D__SpringBoot_Microservices_Project_microservices_catlog-services] INFO  o.eclipse.m2e.core.internal.Bundles - 	Entry: C:\STS\sts-4.22.0.RELEASE\plugins\org.eclipse.m2e.maven.runtime_3.9.600.20231203-1234\jars\maven-shared-utils-3.3.4.jar
2025-08-16 12:39:19,900 [Worker-43: Launching Executing install in D__SpringBoot_Microservices_Project_microservices_catlog-services] INFO  o.eclipse.m2e.core.internal.Bundles - 	Entry: C:\STS\sts-4.22.0.RELEASE\plugins\org.eclipse.m2e.maven.runtime_3.9.600.20231203-1234\jars\org.eclipse.sisu.inject-0.9.0.M2.jar
2025-08-16 12:39:19,900 [Worker-43: Launching Executing install in D__SpringBoot_Microservices_Project_microservices_catlog-services] INFO  o.eclipse.m2e.core.internal.Bundles - 	Entry: C:\STS\sts-4.22.0.RELEASE\plugins\org.eclipse.m2e.maven.runtime_3.9.600.20231203-1234\jars\org.eclipse.sisu.plexus-0.9.0.M2.jar
2025-08-16 12:39:19,900 [Worker-43: Launching Executing install in D__SpringBoot_Microservices_Project_microservices_catlog-services] INFO  o.eclipse.m2e.core.internal.Bundles - 	Entry: C:\STS\sts-4.22.0.RELEASE\plugins\org.eclipse.m2e.maven.runtime_3.9.600.20231203-1234\jars\plexus-build-api-0.0.7.jar
2025-08-16 12:39:19,901 [Worker-43: Launching Executing install in D__SpringBoot_Microservices_Project_microservices_catlog-services] INFO  o.eclipse.m2e.core.internal.Bundles - 	Entry: C:\STS\sts-4.22.0.RELEASE\plugins\org.eclipse.m2e.maven.runtime_3.9.600.20231203-1234\jars\plexus-cipher-2.0.jar
2025-08-16 12:39:19,901 [Worker-43: Launching Executing install in D__SpringBoot_Microservices_Project_microservices_catlog-services] INFO  o.eclipse.m2e.core.internal.Bundles - 	Entry: C:\STS\sts-4.22.0.RELEASE\plugins\org.eclipse.m2e.maven.runtime_3.9.600.20231203-1234\jars\plexus-classworlds-2.7.0.jar
2025-08-16 12:39:19,902 [Worker-43: Launching Executing install in D__SpringBoot_Microservices_Project_microservices_catlog-services] INFO  o.eclipse.m2e.core.internal.Bundles - 	Entry: C:\STS\sts-4.22.0.RELEASE\plugins\org.eclipse.m2e.maven.runtime_3.9.600.20231203-1234\jars\plexus-component-annotations-2.1.0.jar
2025-08-16 12:39:19,902 [Worker-43: Launching Executing install in D__SpringBoot_Microservices_Project_microservices_catlog-services] INFO  o.eclipse.m2e.core.internal.Bundles - 	Entry: C:\STS\sts-4.22.0.RELEASE\plugins\org.eclipse.m2e.maven.runtime_3.9.600.20231203-1234\jars\plexus-interpolation-1.26.jar
2025-08-16 12:39:19,903 [Worker-43: Launching Executing install in D__SpringBoot_Microservices_Project_microservices_catlog-services] INFO  o.eclipse.m2e.core.internal.Bundles - 	Entry: C:\STS\sts-4.22.0.RELEASE\plugins\org.eclipse.m2e.maven.runtime_3.9.600.20231203-1234\jars\plexus-sec-dispatcher-2.0.jar
2025-08-16 12:39:19,903 [Worker-43: Launching Executing install in D__SpringBoot_Microservices_Project_microservices_catlog-services] INFO  o.eclipse.m2e.core.internal.Bundles - 	Entry: C:\STS\sts-4.22.0.RELEASE\plugins\org.eclipse.m2e.maven.runtime_3.9.600.20231203-1234\jars\plexus-utils-3.5.1.jar
2025-08-16 12:39:19,903 [Worker-43: Launching Executing install in D__SpringBoot_Microservices_Project_microservices_catlog-services] INFO  o.eclipse.m2e.core.internal.Bundles - 	Entry: C:\STS\sts-4.22.0.RELEASE\plugins\org.eclipse.m2e.maven.runtime_3.9.600.20231203-1234\jars\wagon-file-3.5.3.jar
2025-08-16 12:39:19,903 [Worker-43: Launching Executing install in D__SpringBoot_Microservices_Project_microservices_catlog-services] INFO  o.eclipse.m2e.core.internal.Bundles - 	Entry: C:\STS\sts-4.22.0.RELEASE\plugins\org.eclipse.m2e.maven.runtime_3.9.600.20231203-1234\jars\wagon-http-3.5.3.jar
2025-08-16 12:39:19,903 [Worker-43: Launching Executing install in D__SpringBoot_Microservices_Project_microservices_catlog-services] INFO  o.eclipse.m2e.core.internal.Bundles - 	Entry: C:\STS\sts-4.22.0.RELEASE\plugins\org.eclipse.m2e.maven.runtime_3.9.600.20231203-1234\jars\wagon-http-shared-3.5.3.jar
2025-08-16 12:39:19,903 [Worker-43: Launching Executing install in D__SpringBoot_Microservices_Project_microservices_catlog-services] INFO  o.eclipse.m2e.core.internal.Bundles - 	Entry: C:\STS\sts-4.22.0.RELEASE\plugins\org.eclipse.m2e.maven.runtime_3.9.600.20231203-1234\jars\wagon-provider-api-3.5.3.jar
2025-08-16 12:39:19,905 [Worker-43: Launching Executing install in D__SpringBoot_Microservices_Project_microservices_catlog-services] INFO  o.eclipse.m2e.core.internal.Bundles - getClasspathEntries(Bundle=com.google.guava_33.0.0.jre [27])
2025-08-16 12:39:19,906 [Worker-43: Launching Executing install in D__SpringBoot_Microservices_Project_microservices_catlog-services] INFO  o.eclipse.m2e.core.internal.Bundles - 	Entry: C:\STS\sts-4.22.0.RELEASE\plugins\com.google.guava_33.0.0.jre.jar
2025-08-16 12:39:19,906 [Worker-43: Launching Executing install in D__SpringBoot_Microservices_Project_microservices_catlog-services] INFO  o.eclipse.m2e.core.internal.Bundles - getClasspathEntries(Bundle=slf4j.api_2.0.12 [583])
2025-08-16 12:39:19,907 [Worker-43: Launching Executing install in D__SpringBoot_Microservices_Project_microservices_catlog-services] INFO  o.eclipse.m2e.core.internal.Bundles - 	Entry: C:\STS\sts-4.22.0.RELEASE\plugins\slf4j.api_2.0.12.jar
2025-08-16 12:39:19,907 [Worker-43: Launching Executing install in D__SpringBoot_Microservices_Project_microservices_catlog-services] INFO  o.eclipse.m2e.core.internal.Bundles - getClasspathEntries(Bundle=jakarta.inject.jakarta.inject-api_1.0.5 [44])
2025-08-16 12:39:19,907 [Worker-43: Launching Executing install in D__SpringBoot_Microservices_Project_microservices_catlog-services] INFO  o.eclipse.m2e.core.internal.Bundles - 	Entry: C:\STS\sts-4.22.0.RELEASE\plugins\jakarta.inject.jakarta.inject-api_1.0.5.jar
2025-08-16 12:39:19,907 [Worker-43: Launching Executing install in D__SpringBoot_Microservices_Project_microservices_catlog-services] INFO  o.eclipse.m2e.core.internal.Bundles - getClasspathEntries(Bundle=jakarta.annotation-api_1.3.5 [40])
2025-08-16 12:39:19,908 [Worker-43: Launching Executing install in D__SpringBoot_Microservices_Project_microservices_catlog-services] INFO  o.eclipse.m2e.core.internal.Bundles - 	Entry: C:\STS\sts-4.22.0.RELEASE\plugins\jakarta.annotation-api_1.3.5.jar
2025-08-16 12:39:19,908 [Worker-43: Launching Executing install in D__SpringBoot_Microservices_Project_microservices_catlog-services] INFO  o.eclipse.m2e.core.internal.Bundles - getClasspathEntries(Bundle=org.apache.commons.cli_1.6.0 [75])
2025-08-16 12:39:19,909 [Worker-43: Launching Executing install in D__SpringBoot_Microservices_Project_microservices_catlog-services] INFO  o.eclipse.m2e.core.internal.Bundles - 	Entry: C:\STS\sts-4.22.0.RELEASE\plugins\org.apache.commons.cli_1.6.0.jar
2025-08-16 12:39:19,909 [Worker-43: Launching Executing install in D__SpringBoot_Microservices_Project_microservices_catlog-services] INFO  o.eclipse.m2e.core.internal.Bundles - getClasspathEntries(Bundle=org.apache.commons.commons-codec_1.16.0 [77])
2025-08-16 12:39:19,909 [Worker-43: Launching Executing install in D__SpringBoot_Microservices_Project_microservices_catlog-services] INFO  o.eclipse.m2e.core.internal.Bundles - 	Entry: C:\STS\sts-4.22.0.RELEASE\plugins\org.apache.commons.commons-codec_1.16.0.jar
2025-08-16 12:39:19,909 [Worker-43: Launching Executing install in D__SpringBoot_Microservices_Project_microservices_catlog-services] INFO  o.eclipse.m2e.core.internal.Bundles - getClasspathEntries(Bundle=org.apache.commons.lang3_3.14.0 [81])
2025-08-16 12:39:19,910 [Worker-43: Launching Executing install in D__SpringBoot_Microservices_Project_microservices_catlog-services] INFO  o.eclipse.m2e.core.internal.Bundles - 	Entry: C:\STS\sts-4.22.0.RELEASE\plugins\org.apache.commons.lang3_3.14.0.jar
2025-08-16 12:39:19,910 [Worker-43: Launching Executing install in D__SpringBoot_Microservices_Project_microservices_catlog-services] INFO  o.eclipse.m2e.core.internal.Bundles - getClasspathEntries(Bundle=com.google.guava.failureaccess_1.0.2 [29])
2025-08-16 12:39:19,910 [Worker-43: Launching Executing install in D__SpringBoot_Microservices_Project_microservices_catlog-services] INFO  o.eclipse.m2e.core.internal.Bundles - 	Entry: C:\STS\sts-4.22.0.RELEASE\plugins\com.google.guava.failureaccess_1.0.2.jar
2025-08-16 12:39:19,913 [Worker-43: Launching Executing install in D__SpringBoot_Microservices_Project_microservices_catlog-services] INFO  o.e.m.i.launch.MavenLaunchDelegate - Run build in "D:\SpringBoot_Microservices_Project\microservices\catlog-services":
2025-08-16 12:39:19,914 [Worker-43: Launching Executing install in D__SpringBoot_Microservices_Project_microservices_catlog-services] INFO  o.e.m.i.launch.MavenLaunchDelegate -  mvn  -B -Dstyle.color=always install
2025-08-16 12:40:33,277 [Worker-61: Launching Executing install in D__SpringBoot_Microservices_Project_microservices_catlog-services] INFO  o.eclipse.m2e.core.internal.Bundles - getClasspathEntries(Bundle=org.eclipse.m2e.maven.runtime_3.9.600.20231203-1234 [354])
2025-08-16 12:40:33,279 [Worker-61: Launching Executing install in D__SpringBoot_Microservices_Project_microservices_catlog-services] INFO  o.eclipse.m2e.core.internal.Bundles - 	Entry: C:\STS\sts-4.22.0.RELEASE\plugins\org.eclipse.m2e.maven.runtime_3.9.600.20231203-1234
2025-08-16 12:40:33,280 [Worker-61: Launching Executing install in D__SpringBoot_Microservices_Project_microservices_catlog-services] INFO  o.eclipse.m2e.core.internal.Bundles - 	Entry: C:\STS\sts-4.22.0.RELEASE\plugins\org.eclipse.m2e.maven.runtime_3.9.600.20231203-1234\jars\aopalliance-1.0.jar
2025-08-16 12:40:33,281 [Worker-61: Launching Executing install in D__SpringBoot_Microservices_Project_microservices_catlog-services] INFO  o.eclipse.m2e.core.internal.Bundles - 	Entry: C:\STS\sts-4.22.0.RELEASE\plugins\org.eclipse.m2e.maven.runtime_3.9.600.20231203-1234\jars\guice-5.1.0.jar
2025-08-16 12:40:33,281 [Worker-61: Launching Executing install in D__SpringBoot_Microservices_Project_microservices_catlog-services] INFO  o.eclipse.m2e.core.internal.Bundles - 	Entry: C:\STS\sts-4.22.0.RELEASE\plugins\org.eclipse.m2e.maven.runtime_3.9.600.20231203-1234\jars\httpclient-4.5.14.jar
2025-08-16 12:40:33,281 [Worker-61: Launching Executing install in D__SpringBoot_Microservices_Project_microservices_catlog-services] INFO  o.eclipse.m2e.core.internal.Bundles - 	Entry: C:\STS\sts-4.22.0.RELEASE\plugins\org.eclipse.m2e.maven.runtime_3.9.600.20231203-1234\jars\httpcore-4.4.16.jar
2025-08-16 12:40:33,282 [Worker-61: Launching Executing install in D__SpringBoot_Microservices_Project_microservices_catlog-services] INFO  o.eclipse.m2e.core.internal.Bundles - 	Entry: C:\STS\sts-4.22.0.RELEASE\plugins\org.eclipse.m2e.maven.runtime_3.9.600.20231203-1234\jars\jansi-2.4.0.jar
2025-08-16 12:40:33,284 [Worker-61: Launching Executing install in D__SpringBoot_Microservices_Project_microservices_catlog-services] INFO  o.eclipse.m2e.core.internal.Bundles - 	Entry: C:\STS\sts-4.22.0.RELEASE\plugins\org.eclipse.m2e.maven.runtime_3.9.600.20231203-1234\jars\jcl-over-slf4j-1.7.36.jar
2025-08-16 12:40:33,284 [Worker-61: Launching Executing install in D__SpringBoot_Microservices_Project_microservices_catlog-services] INFO  o.eclipse.m2e.core.internal.Bundles - 	Entry: C:\STS\sts-4.22.0.RELEASE\plugins\org.eclipse.m2e.maven.runtime_3.9.600.20231203-1234\jars\maven-artifact-3.9.6.jar
2025-08-16 12:40:33,285 [Worker-61: Launching Executing install in D__SpringBoot_Microservices_Project_microservices_catlog-services] INFO  o.eclipse.m2e.core.internal.Bundles - 	Entry: C:\STS\sts-4.22.0.RELEASE\plugins\org.eclipse.m2e.maven.runtime_3.9.600.20231203-1234\jars\maven-builder-support-3.9.6.jar
2025-08-16 12:40:33,286 [Worker-61: Launching Executing install in D__SpringBoot_Microservices_Project_microservices_catlog-services] INFO  o.eclipse.m2e.core.internal.Bundles - 	Entry: C:\STS\sts-4.22.0.RELEASE\plugins\org.eclipse.m2e.maven.runtime_3.9.600.20231203-1234\jars\maven-compat-3.9.6.jar
2025-08-16 12:40:33,286 [Worker-61: Launching Executing install in D__SpringBoot_Microservices_Project_microservices_catlog-services] INFO  o.eclipse.m2e.core.internal.Bundles - 	Entry: C:\STS\sts-4.22.0.RELEASE\plugins\org.eclipse.m2e.maven.runtime_3.9.600.20231203-1234\jars\maven-core-3.9.6.jar
2025-08-16 12:40:33,286 [Worker-61: Launching Executing install in D__SpringBoot_Microservices_Project_microservices_catlog-services] INFO  o.eclipse.m2e.core.internal.Bundles - 	Entry: C:\STS\sts-4.22.0.RELEASE\plugins\org.eclipse.m2e.maven.runtime_3.9.600.20231203-1234\jars\maven-embedder-3.9.6.jar
2025-08-16 12:40:33,286 [Worker-61: Launching Executing install in D__SpringBoot_Microservices_Project_microservices_catlog-services] INFO  o.eclipse.m2e.core.internal.Bundles - 	Entry: C:\STS\sts-4.22.0.RELEASE\plugins\org.eclipse.m2e.maven.runtime_3.9.600.20231203-1234\jars\maven-model-3.9.6.jar
2025-08-16 12:40:33,286 [Worker-61: Launching Executing install in D__SpringBoot_Microservices_Project_microservices_catlog-services] INFO  o.eclipse.m2e.core.internal.Bundles - 	Entry: C:\STS\sts-4.22.0.RELEASE\plugins\org.eclipse.m2e.maven.runtime_3.9.600.20231203-1234\jars\maven-model-builder-3.9.6.jar
2025-08-16 12:40:33,287 [Worker-61: Launching Executing install in D__SpringBoot_Microservices_Project_microservices_catlog-services] INFO  o.eclipse.m2e.core.internal.Bundles - 	Entry: C:\STS\sts-4.22.0.RELEASE\plugins\org.eclipse.m2e.maven.runtime_3.9.600.20231203-1234\jars\maven-plugin-api-3.9.6.jar
2025-08-16 12:40:33,287 [Worker-61: Launching Executing install in D__SpringBoot_Microservices_Project_microservices_catlog-services] INFO  o.eclipse.m2e.core.internal.Bundles - 	Entry: C:\STS\sts-4.22.0.RELEASE\plugins\org.eclipse.m2e.maven.runtime_3.9.600.20231203-1234\jars\maven-repository-metadata-3.9.6.jar
2025-08-16 12:40:33,287 [Worker-61: Launching Executing install in D__SpringBoot_Microservices_Project_microservices_catlog-services] INFO  o.eclipse.m2e.core.internal.Bundles - 	Entry: C:\STS\sts-4.22.0.RELEASE\plugins\org.eclipse.m2e.maven.runtime_3.9.600.20231203-1234\jars\maven-resolver-api-1.9.18.jar
2025-08-16 12:40:33,288 [Worker-61: Launching Executing install in D__SpringBoot_Microservices_Project_microservices_catlog-services] INFO  o.eclipse.m2e.core.internal.Bundles - 	Entry: C:\STS\sts-4.22.0.RELEASE\plugins\org.eclipse.m2e.maven.runtime_3.9.600.20231203-1234\jars\maven-resolver-connector-basic-1.9.18.jar
2025-08-16 12:40:33,288 [Worker-61: Launching Executing install in D__SpringBoot_Microservices_Project_microservices_catlog-services] INFO  o.eclipse.m2e.core.internal.Bundles - 	Entry: C:\STS\sts-4.22.0.RELEASE\plugins\org.eclipse.m2e.maven.runtime_3.9.600.20231203-1234\jars\maven-resolver-impl-1.9.18.jar
2025-08-16 12:40:33,288 [Worker-61: Launching Executing install in D__SpringBoot_Microservices_Project_microservices_catlog-services] INFO  o.eclipse.m2e.core.internal.Bundles - 	Entry: C:\STS\sts-4.22.0.RELEASE\plugins\org.eclipse.m2e.maven.runtime_3.9.600.20231203-1234\jars\maven-resolver-named-locks-1.9.18.jar
2025-08-16 12:40:33,288 [Worker-61: Launching Executing install in D__SpringBoot_Microservices_Project_microservices_catlog-services] INFO  o.eclipse.m2e.core.internal.Bundles - 	Entry: C:\STS\sts-4.22.0.RELEASE\plugins\org.eclipse.m2e.maven.runtime_3.9.600.20231203-1234\jars\maven-resolver-provider-3.9.6.jar
2025-08-16 12:40:33,288 [Worker-61: Launching Executing install in D__SpringBoot_Microservices_Project_microservices_catlog-services] INFO  o.eclipse.m2e.core.internal.Bundles - 	Entry: C:\STS\sts-4.22.0.RELEASE\plugins\org.eclipse.m2e.maven.runtime_3.9.600.20231203-1234\jars\maven-resolver-spi-1.9.18.jar
2025-08-16 12:40:33,289 [Worker-61: Launching Executing install in D__SpringBoot_Microservices_Project_microservices_catlog-services] INFO  o.eclipse.m2e.core.internal.Bundles - 	Entry: C:\STS\sts-4.22.0.RELEASE\plugins\org.eclipse.m2e.maven.runtime_3.9.600.20231203-1234\jars\maven-resolver-transport-file-1.9.18.jar
2025-08-16 12:40:33,289 [Worker-61: Launching Executing install in D__SpringBoot_Microservices_Project_microservices_catlog-services] INFO  o.eclipse.m2e.core.internal.Bundles - 	Entry: C:\STS\sts-4.22.0.RELEASE\plugins\org.eclipse.m2e.maven.runtime_3.9.600.20231203-1234\jars\maven-resolver-transport-http-1.9.18.jar
2025-08-16 12:40:33,289 [Worker-61: Launching Executing install in D__SpringBoot_Microservices_Project_microservices_catlog-services] INFO  o.eclipse.m2e.core.internal.Bundles - 	Entry: C:\STS\sts-4.22.0.RELEASE\plugins\org.eclipse.m2e.maven.runtime_3.9.600.20231203-1234\jars\maven-resolver-transport-wagon-1.9.18.jar
2025-08-16 12:40:33,289 [Worker-61: Launching Executing install in D__SpringBoot_Microservices_Project_microservices_catlog-services] INFO  o.eclipse.m2e.core.internal.Bundles - 	Entry: C:\STS\sts-4.22.0.RELEASE\plugins\org.eclipse.m2e.maven.runtime_3.9.600.20231203-1234\jars\maven-resolver-util-1.9.18.jar
2025-08-16 12:40:33,289 [Worker-61: Launching Executing install in D__SpringBoot_Microservices_Project_microservices_catlog-services] INFO  o.eclipse.m2e.core.internal.Bundles - 	Entry: C:\STS\sts-4.22.0.RELEASE\plugins\org.eclipse.m2e.maven.runtime_3.9.600.20231203-1234\jars\maven-settings-3.9.6.jar
2025-08-16 12:40:33,290 [Worker-61: Launching Executing install in D__SpringBoot_Microservices_Project_microservices_catlog-services] INFO  o.eclipse.m2e.core.internal.Bundles - 	Entry: C:\STS\sts-4.22.0.RELEASE\plugins\org.eclipse.m2e.maven.runtime_3.9.600.20231203-1234\jars\maven-settings-builder-3.9.6.jar
2025-08-16 12:40:33,290 [Worker-61: Launching Executing install in D__SpringBoot_Microservices_Project_microservices_catlog-services] INFO  o.eclipse.m2e.core.internal.Bundles - 	Entry: C:\STS\sts-4.22.0.RELEASE\plugins\org.eclipse.m2e.maven.runtime_3.9.600.20231203-1234\jars\maven-shared-utils-3.3.4.jar
2025-08-16 12:40:33,290 [Worker-61: Launching Executing install in D__SpringBoot_Microservices_Project_microservices_catlog-services] INFO  o.eclipse.m2e.core.internal.Bundles - 	Entry: C:\STS\sts-4.22.0.RELEASE\plugins\org.eclipse.m2e.maven.runtime_3.9.600.20231203-1234\jars\org.eclipse.sisu.inject-0.9.0.M2.jar
2025-08-16 12:40:33,290 [Worker-61: Launching Executing install in D__SpringBoot_Microservices_Project_microservices_catlog-services] INFO  o.eclipse.m2e.core.internal.Bundles - 	Entry: C:\STS\sts-4.22.0.RELEASE\plugins\org.eclipse.m2e.maven.runtime_3.9.600.20231203-1234\jars\org.eclipse.sisu.plexus-0.9.0.M2.jar
2025-08-16 12:40:33,291 [Worker-61: Launching Executing install in D__SpringBoot_Microservices_Project_microservices_catlog-services] INFO  o.eclipse.m2e.core.internal.Bundles - 	Entry: C:\STS\sts-4.22.0.RELEASE\plugins\org.eclipse.m2e.maven.runtime_3.9.600.20231203-1234\jars\plexus-build-api-0.0.7.jar
2025-08-16 12:40:33,291 [Worker-61: Launching Executing install in D__SpringBoot_Microservices_Project_microservices_catlog-services] INFO  o.eclipse.m2e.core.internal.Bundles - 	Entry: C:\STS\sts-4.22.0.RELEASE\plugins\org.eclipse.m2e.maven.runtime_3.9.600.20231203-1234\jars\plexus-cipher-2.0.jar
2025-08-16 12:40:33,292 [Worker-61: Launching Executing install in D__SpringBoot_Microservices_Project_microservices_catlog-services] INFO  o.eclipse.m2e.core.internal.Bundles - 	Entry: C:\STS\sts-4.22.0.RELEASE\plugins\org.eclipse.m2e.maven.runtime_3.9.600.20231203-1234\jars\plexus-classworlds-2.7.0.jar
2025-08-16 12:40:33,292 [Worker-61: Launching Executing install in D__SpringBoot_Microservices_Project_microservices_catlog-services] INFO  o.eclipse.m2e.core.internal.Bundles - 	Entry: C:\STS\sts-4.22.0.RELEASE\plugins\org.eclipse.m2e.maven.runtime_3.9.600.20231203-1234\jars\plexus-component-annotations-2.1.0.jar
2025-08-16 12:40:33,292 [Worker-61: Launching Executing install in D__SpringBoot_Microservices_Project_microservices_catlog-services] INFO  o.eclipse.m2e.core.internal.Bundles - 	Entry: C:\STS\sts-4.22.0.RELEASE\plugins\org.eclipse.m2e.maven.runtime_3.9.600.20231203-1234\jars\plexus-interpolation-1.26.jar
2025-08-16 12:40:33,293 [Worker-61: Launching Executing install in D__SpringBoot_Microservices_Project_microservices_catlog-services] INFO  o.eclipse.m2e.core.internal.Bundles - 	Entry: C:\STS\sts-4.22.0.RELEASE\plugins\org.eclipse.m2e.maven.runtime_3.9.600.20231203-1234\jars\plexus-sec-dispatcher-2.0.jar
2025-08-16 12:40:33,293 [Worker-61: Launching Executing install in D__SpringBoot_Microservices_Project_microservices_catlog-services] INFO  o.eclipse.m2e.core.internal.Bundles - 	Entry: C:\STS\sts-4.22.0.RELEASE\plugins\org.eclipse.m2e.maven.runtime_3.9.600.20231203-1234\jars\plexus-utils-3.5.1.jar
2025-08-16 12:40:33,294 [Worker-61: Launching Executing install in D__SpringBoot_Microservices_Project_microservices_catlog-services] INFO  o.eclipse.m2e.core.internal.Bundles - 	Entry: C:\STS\sts-4.22.0.RELEASE\plugins\org.eclipse.m2e.maven.runtime_3.9.600.20231203-1234\jars\wagon-file-3.5.3.jar
2025-08-16 12:40:33,294 [Worker-61: Launching Executing install in D__SpringBoot_Microservices_Project_microservices_catlog-services] INFO  o.eclipse.m2e.core.internal.Bundles - 	Entry: C:\STS\sts-4.22.0.RELEASE\plugins\org.eclipse.m2e.maven.runtime_3.9.600.20231203-1234\jars\wagon-http-3.5.3.jar
2025-08-16 12:40:33,295 [Worker-61: Launching Executing install in D__SpringBoot_Microservices_Project_microservices_catlog-services] INFO  o.eclipse.m2e.core.internal.Bundles - 	Entry: C:\STS\sts-4.22.0.RELEASE\plugins\org.eclipse.m2e.maven.runtime_3.9.600.20231203-1234\jars\wagon-http-shared-3.5.3.jar
2025-08-16 12:40:33,295 [Worker-61: Launching Executing install in D__SpringBoot_Microservices_Project_microservices_catlog-services] INFO  o.eclipse.m2e.core.internal.Bundles - 	Entry: C:\STS\sts-4.22.0.RELEASE\plugins\org.eclipse.m2e.maven.runtime_3.9.600.20231203-1234\jars\wagon-provider-api-3.5.3.jar
2025-08-16 12:40:33,296 [Worker-61: Launching Executing install in D__SpringBoot_Microservices_Project_microservices_catlog-services] INFO  o.eclipse.m2e.core.internal.Bundles - getClasspathEntries(Bundle=com.google.guava_33.0.0.jre [27])
2025-08-16 12:40:33,296 [Worker-61: Launching Executing install in D__SpringBoot_Microservices_Project_microservices_catlog-services] INFO  o.eclipse.m2e.core.internal.Bundles - 	Entry: C:\STS\sts-4.22.0.RELEASE\plugins\com.google.guava_33.0.0.jre.jar
2025-08-16 12:40:33,296 [Worker-61: Launching Executing install in D__SpringBoot_Microservices_Project_microservices_catlog-services] INFO  o.eclipse.m2e.core.internal.Bundles - getClasspathEntries(Bundle=slf4j.api_2.0.12 [583])
2025-08-16 12:40:33,296 [Worker-61: Launching Executing install in D__SpringBoot_Microservices_Project_microservices_catlog-services] INFO  o.eclipse.m2e.core.internal.Bundles - 	Entry: C:\STS\sts-4.22.0.RELEASE\plugins\slf4j.api_2.0.12.jar
2025-08-16 12:40:33,297 [Worker-61: Launching Executing install in D__SpringBoot_Microservices_Project_microservices_catlog-services] INFO  o.eclipse.m2e.core.internal.Bundles - getClasspathEntries(Bundle=jakarta.inject.jakarta.inject-api_1.0.5 [44])
2025-08-16 12:40:33,297 [Worker-61: Launching Executing install in D__SpringBoot_Microservices_Project_microservices_catlog-services] INFO  o.eclipse.m2e.core.internal.Bundles - 	Entry: C:\STS\sts-4.22.0.RELEASE\plugins\jakarta.inject.jakarta.inject-api_1.0.5.jar
2025-08-16 12:40:33,297 [Worker-61: Launching Executing install in D__SpringBoot_Microservices_Project_microservices_catlog-services] INFO  o.eclipse.m2e.core.internal.Bundles - getClasspathEntries(Bundle=jakarta.annotation-api_1.3.5 [40])
2025-08-16 12:40:33,297 [Worker-61: Launching Executing install in D__SpringBoot_Microservices_Project_microservices_catlog-services] INFO  o.eclipse.m2e.core.internal.Bundles - 	Entry: C:\STS\sts-4.22.0.RELEASE\plugins\jakarta.annotation-api_1.3.5.jar
2025-08-16 12:40:33,297 [Worker-61: Launching Executing install in D__SpringBoot_Microservices_Project_microservices_catlog-services] INFO  o.eclipse.m2e.core.internal.Bundles - getClasspathEntries(Bundle=org.apache.commons.cli_1.6.0 [75])
2025-08-16 12:40:33,298 [Worker-61: Launching Executing install in D__SpringBoot_Microservices_Project_microservices_catlog-services] INFO  o.eclipse.m2e.core.internal.Bundles - 	Entry: C:\STS\sts-4.22.0.RELEASE\plugins\org.apache.commons.cli_1.6.0.jar
2025-08-16 12:40:33,298 [Worker-61: Launching Executing install in D__SpringBoot_Microservices_Project_microservices_catlog-services] INFO  o.eclipse.m2e.core.internal.Bundles - getClasspathEntries(Bundle=org.apache.commons.commons-codec_1.16.0 [77])
2025-08-16 12:40:33,298 [Worker-61: Launching Executing install in D__SpringBoot_Microservices_Project_microservices_catlog-services] INFO  o.eclipse.m2e.core.internal.Bundles - 	Entry: C:\STS\sts-4.22.0.RELEASE\plugins\org.apache.commons.commons-codec_1.16.0.jar
2025-08-16 12:40:33,298 [Worker-61: Launching Executing install in D__SpringBoot_Microservices_Project_microservices_catlog-services] INFO  o.eclipse.m2e.core.internal.Bundles - getClasspathEntries(Bundle=org.apache.commons.lang3_3.14.0 [81])
2025-08-16 12:40:33,299 [Worker-61: Launching Executing install in D__SpringBoot_Microservices_Project_microservices_catlog-services] INFO  o.eclipse.m2e.core.internal.Bundles - 	Entry: C:\STS\sts-4.22.0.RELEASE\plugins\org.apache.commons.lang3_3.14.0.jar
2025-08-16 12:40:33,299 [Worker-61: Launching Executing install in D__SpringBoot_Microservices_Project_microservices_catlog-services] INFO  o.eclipse.m2e.core.internal.Bundles - getClasspathEntries(Bundle=com.google.guava.failureaccess_1.0.2 [29])
2025-08-16 12:40:33,299 [Worker-61: Launching Executing install in D__SpringBoot_Microservices_Project_microservices_catlog-services] INFO  o.eclipse.m2e.core.internal.Bundles - 	Entry: C:\STS\sts-4.22.0.RELEASE\plugins\com.google.guava.failureaccess_1.0.2.jar
2025-08-16 12:40:33,302 [Worker-61: Launching Executing install in D__SpringBoot_Microservices_Project_microservices_catlog-services] INFO  o.e.m.i.launch.MavenLaunchDelegate - Run build in "D:\SpringBoot_Microservices_Project\microservices\catlog-services":
2025-08-16 12:40:33,302 [Worker-61: Launching Executing install in D__SpringBoot_Microservices_Project_microservices_catlog-services] INFO  o.e.m.i.launch.MavenLaunchDelegate -  mvn  -B -Dstyle.color=always install
2025-08-16 12:49:19,701 [Worker-43: Launching Executing install in D__SpringBoot_Microservices_Project_microservices_catlog-services] INFO  o.eclipse.m2e.core.internal.Bundles - getClasspathEntries(Bundle=org.eclipse.m2e.maven.runtime_3.9.600.20231203-1234 [354])
2025-08-16 12:49:19,715 [Worker-43: Launching Executing install in D__SpringBoot_Microservices_Project_microservices_catlog-services] INFO  o.eclipse.m2e.core.internal.Bundles - 	Entry: C:\STS\sts-4.22.0.RELEASE\plugins\org.eclipse.m2e.maven.runtime_3.9.600.20231203-1234
2025-08-16 12:49:19,716 [Worker-43: Launching Executing install in D__SpringBoot_Microservices_Project_microservices_catlog-services] INFO  o.eclipse.m2e.core.internal.Bundles - 	Entry: C:\STS\sts-4.22.0.RELEASE\plugins\org.eclipse.m2e.maven.runtime_3.9.600.20231203-1234\jars\aopalliance-1.0.jar
2025-08-16 12:49:19,717 [Worker-43: Launching Executing install in D__SpringBoot_Microservices_Project_microservices_catlog-services] INFO  o.eclipse.m2e.core.internal.Bundles - 	Entry: C:\STS\sts-4.22.0.RELEASE\plugins\org.eclipse.m2e.maven.runtime_3.9.600.20231203-1234\jars\guice-5.1.0.jar
2025-08-16 12:49:19,717 [Worker-43: Launching Executing install in D__SpringBoot_Microservices_Project_microservices_catlog-services] INFO  o.eclipse.m2e.core.internal.Bundles - 	Entry: C:\STS\sts-4.22.0.RELEASE\plugins\org.eclipse.m2e.maven.runtime_3.9.600.20231203-1234\jars\httpclient-4.5.14.jar
2025-08-16 12:49:19,717 [Worker-43: Launching Executing install in D__SpringBoot_Microservices_Project_microservices_catlog-services] INFO  o.eclipse.m2e.core.internal.Bundles - 	Entry: C:\STS\sts-4.22.0.RELEASE\plugins\org.eclipse.m2e.maven.runtime_3.9.600.20231203-1234\jars\httpcore-4.4.16.jar
2025-08-16 12:49:19,717 [Worker-43: Launching Executing install in D__SpringBoot_Microservices_Project_microservices_catlog-services] INFO  o.eclipse.m2e.core.internal.Bundles - 	Entry: C:\STS\sts-4.22.0.RELEASE\plugins\org.eclipse.m2e.maven.runtime_3.9.600.20231203-1234\jars\jansi-2.4.0.jar
2025-08-16 12:49:19,717 [Worker-43: Launching Executing install in D__SpringBoot_Microservices_Project_microservices_catlog-services] INFO  o.eclipse.m2e.core.internal.Bundles - 	Entry: C:\STS\sts-4.22.0.RELEASE\plugins\org.eclipse.m2e.maven.runtime_3.9.600.20231203-1234\jars\jcl-over-slf4j-1.7.36.jar
2025-08-16 12:49:19,718 [Worker-43: Launching Executing install in D__SpringBoot_Microservices_Project_microservices_catlog-services] INFO  o.eclipse.m2e.core.internal.Bundles - 	Entry: C:\STS\sts-4.22.0.RELEASE\plugins\org.eclipse.m2e.maven.runtime_3.9.600.20231203-1234\jars\maven-artifact-3.9.6.jar
2025-08-16 12:49:19,718 [Worker-43: Launching Executing install in D__SpringBoot_Microservices_Project_microservices_catlog-services] INFO  o.eclipse.m2e.core.internal.Bundles - 	Entry: C:\STS\sts-4.22.0.RELEASE\plugins\org.eclipse.m2e.maven.runtime_3.9.600.20231203-1234\jars\maven-builder-support-3.9.6.jar
2025-08-16 12:49:19,718 [Worker-43: Launching Executing install in D__SpringBoot_Microservices_Project_microservices_catlog-services] INFO  o.eclipse.m2e.core.internal.Bundles - 	Entry: C:\STS\sts-4.22.0.RELEASE\plugins\org.eclipse.m2e.maven.runtime_3.9.600.20231203-1234\jars\maven-compat-3.9.6.jar
2025-08-16 12:49:19,718 [Worker-43: Launching Executing install in D__SpringBoot_Microservices_Project_microservices_catlog-services] INFO  o.eclipse.m2e.core.internal.Bundles - 	Entry: C:\STS\sts-4.22.0.RELEASE\plugins\org.eclipse.m2e.maven.runtime_3.9.600.20231203-1234\jars\maven-core-3.9.6.jar
2025-08-16 12:49:19,718 [Worker-43: Launching Executing install in D__SpringBoot_Microservices_Project_microservices_catlog-services] INFO  o.eclipse.m2e.core.internal.Bundles - 	Entry: C:\STS\sts-4.22.0.RELEASE\plugins\org.eclipse.m2e.maven.runtime_3.9.600.20231203-1234\jars\maven-embedder-3.9.6.jar
2025-08-16 12:49:19,718 [Worker-43: Launching Executing install in D__SpringBoot_Microservices_Project_microservices_catlog-services] INFO  o.eclipse.m2e.core.internal.Bundles - 	Entry: C:\STS\sts-4.22.0.RELEASE\plugins\org.eclipse.m2e.maven.runtime_3.9.600.20231203-1234\jars\maven-model-3.9.6.jar
2025-08-16 12:49:19,719 [Worker-43: Launching Executing install in D__SpringBoot_Microservices_Project_microservices_catlog-services] INFO  o.eclipse.m2e.core.internal.Bundles - 	Entry: C:\STS\sts-4.22.0.RELEASE\plugins\org.eclipse.m2e.maven.runtime_3.9.600.20231203-1234\jars\maven-model-builder-3.9.6.jar
2025-08-16 12:49:19,719 [Worker-43: Launching Executing install in D__SpringBoot_Microservices_Project_microservices_catlog-services] INFO  o.eclipse.m2e.core.internal.Bundles - 	Entry: C:\STS\sts-4.22.0.RELEASE\plugins\org.eclipse.m2e.maven.runtime_3.9.600.20231203-1234\jars\maven-plugin-api-3.9.6.jar
2025-08-16 12:49:19,720 [Worker-43: Launching Executing install in D__SpringBoot_Microservices_Project_microservices_catlog-services] INFO  o.eclipse.m2e.core.internal.Bundles - 	Entry: C:\STS\sts-4.22.0.RELEASE\plugins\org.eclipse.m2e.maven.runtime_3.9.600.20231203-1234\jars\maven-repository-metadata-3.9.6.jar
2025-08-16 12:49:19,720 [Worker-43: Launching Executing install in D__SpringBoot_Microservices_Project_microservices_catlog-services] INFO  o.eclipse.m2e.core.internal.Bundles - 	Entry: C:\STS\sts-4.22.0.RELEASE\plugins\org.eclipse.m2e.maven.runtime_3.9.600.20231203-1234\jars\maven-resolver-api-1.9.18.jar
2025-08-16 12:49:19,721 [Worker-43: Launching Executing install in D__SpringBoot_Microservices_Project_microservices_catlog-services] INFO  o.eclipse.m2e.core.internal.Bundles - 	Entry: C:\STS\sts-4.22.0.RELEASE\plugins\org.eclipse.m2e.maven.runtime_3.9.600.20231203-1234\jars\maven-resolver-connector-basic-1.9.18.jar
2025-08-16 12:49:19,721 [Worker-43: Launching Executing install in D__SpringBoot_Microservices_Project_microservices_catlog-services] INFO  o.eclipse.m2e.core.internal.Bundles - 	Entry: C:\STS\sts-4.22.0.RELEASE\plugins\org.eclipse.m2e.maven.runtime_3.9.600.20231203-1234\jars\maven-resolver-impl-1.9.18.jar
2025-08-16 12:49:19,722 [Worker-43: Launching Executing install in D__SpringBoot_Microservices_Project_microservices_catlog-services] INFO  o.eclipse.m2e.core.internal.Bundles - 	Entry: C:\STS\sts-4.22.0.RELEASE\plugins\org.eclipse.m2e.maven.runtime_3.9.600.20231203-1234\jars\maven-resolver-named-locks-1.9.18.jar
2025-08-16 12:49:19,723 [Worker-43: Launching Executing install in D__SpringBoot_Microservices_Project_microservices_catlog-services] INFO  o.eclipse.m2e.core.internal.Bundles - 	Entry: C:\STS\sts-4.22.0.RELEASE\plugins\org.eclipse.m2e.maven.runtime_3.9.600.20231203-1234\jars\maven-resolver-provider-3.9.6.jar
2025-08-16 12:49:19,723 [Worker-43: Launching Executing install in D__SpringBoot_Microservices_Project_microservices_catlog-services] INFO  o.eclipse.m2e.core.internal.Bundles - 	Entry: C:\STS\sts-4.22.0.RELEASE\plugins\org.eclipse.m2e.maven.runtime_3.9.600.20231203-1234\jars\maven-resolver-spi-1.9.18.jar
2025-08-16 12:49:19,723 [Worker-43: Launching Executing install in D__SpringBoot_Microservices_Project_microservices_catlog-services] INFO  o.eclipse.m2e.core.internal.Bundles - 	Entry: C:\STS\sts-4.22.0.RELEASE\plugins\org.eclipse.m2e.maven.runtime_3.9.600.20231203-1234\jars\maven-resolver-transport-file-1.9.18.jar
2025-08-16 12:49:19,723 [Worker-43: Launching Executing install in D__SpringBoot_Microservices_Project_microservices_catlog-services] INFO  o.eclipse.m2e.core.internal.Bundles - 	Entry: C:\STS\sts-4.22.0.RELEASE\plugins\org.eclipse.m2e.maven.runtime_3.9.600.20231203-1234\jars\maven-resolver-transport-http-1.9.18.jar
2025-08-16 12:49:19,724 [Worker-43: Launching Executing install in D__SpringBoot_Microservices_Project_microservices_catlog-services] INFO  o.eclipse.m2e.core.internal.Bundles - 	Entry: C:\STS\sts-4.22.0.RELEASE\plugins\org.eclipse.m2e.maven.runtime_3.9.600.20231203-1234\jars\maven-resolver-transport-wagon-1.9.18.jar
2025-08-16 12:49:19,724 [Worker-43: Launching Executing install in D__SpringBoot_Microservices_Project_microservices_catlog-services] INFO  o.eclipse.m2e.core.internal.Bundles - 	Entry: C:\STS\sts-4.22.0.RELEASE\plugins\org.eclipse.m2e.maven.runtime_3.9.600.20231203-1234\jars\maven-resolver-util-1.9.18.jar
2025-08-16 12:49:19,724 [Worker-43: Launching Executing install in D__SpringBoot_Microservices_Project_microservices_catlog-services] INFO  o.eclipse.m2e.core.internal.Bundles - 	Entry: C:\STS\sts-4.22.0.RELEASE\plugins\org.eclipse.m2e.maven.runtime_3.9.600.20231203-1234\jars\maven-settings-3.9.6.jar
2025-08-16 12:49:19,724 [Worker-43: Launching Executing install in D__SpringBoot_Microservices_Project_microservices_catlog-services] INFO  o.eclipse.m2e.core.internal.Bundles - 	Entry: C:\STS\sts-4.22.0.RELEASE\plugins\org.eclipse.m2e.maven.runtime_3.9.600.20231203-1234\jars\maven-settings-builder-3.9.6.jar
2025-08-16 12:49:19,725 [Worker-43: Launching Executing install in D__SpringBoot_Microservices_Project_microservices_catlog-services] INFO  o.eclipse.m2e.core.internal.Bundles - 	Entry: C:\STS\sts-4.22.0.RELEASE\plugins\org.eclipse.m2e.maven.runtime_3.9.600.20231203-1234\jars\maven-shared-utils-3.3.4.jar
2025-08-16 12:49:19,725 [Worker-43: Launching Executing install in D__SpringBoot_Microservices_Project_microservices_catlog-services] INFO  o.eclipse.m2e.core.internal.Bundles - 	Entry: C:\STS\sts-4.22.0.RELEASE\plugins\org.eclipse.m2e.maven.runtime_3.9.600.20231203-1234\jars\org.eclipse.sisu.inject-0.9.0.M2.jar
2025-08-16 12:49:19,725 [Worker-43: Launching Executing install in D__SpringBoot_Microservices_Project_microservices_catlog-services] INFO  o.eclipse.m2e.core.internal.Bundles - 	Entry: C:\STS\sts-4.22.0.RELEASE\plugins\org.eclipse.m2e.maven.runtime_3.9.600.20231203-1234\jars\org.eclipse.sisu.plexus-0.9.0.M2.jar
2025-08-16 12:49:19,725 [Worker-43: Launching Executing install in D__SpringBoot_Microservices_Project_microservices_catlog-services] INFO  o.eclipse.m2e.core.internal.Bundles - 	Entry: C:\STS\sts-4.22.0.RELEASE\plugins\org.eclipse.m2e.maven.runtime_3.9.600.20231203-1234\jars\plexus-build-api-0.0.7.jar
2025-08-16 12:49:19,726 [Worker-43: Launching Executing install in D__SpringBoot_Microservices_Project_microservices_catlog-services] INFO  o.eclipse.m2e.core.internal.Bundles - 	Entry: C:\STS\sts-4.22.0.RELEASE\plugins\org.eclipse.m2e.maven.runtime_3.9.600.20231203-1234\jars\plexus-cipher-2.0.jar
2025-08-16 12:49:19,726 [Worker-43: Launching Executing install in D__SpringBoot_Microservices_Project_microservices_catlog-services] INFO  o.eclipse.m2e.core.internal.Bundles - 	Entry: C:\STS\sts-4.22.0.RELEASE\plugins\org.eclipse.m2e.maven.runtime_3.9.600.20231203-1234\jars\plexus-classworlds-2.7.0.jar
2025-08-16 12:49:19,726 [Worker-43: Launching Executing install in D__SpringBoot_Microservices_Project_microservices_catlog-services] INFO  o.eclipse.m2e.core.internal.Bundles - 	Entry: C:\STS\sts-4.22.0.RELEASE\plugins\org.eclipse.m2e.maven.runtime_3.9.600.20231203-1234\jars\plexus-component-annotations-2.1.0.jar
2025-08-16 12:49:19,726 [Worker-43: Launching Executing install in D__SpringBoot_Microservices_Project_microservices_catlog-services] INFO  o.eclipse.m2e.core.internal.Bundles - 	Entry: C:\STS\sts-4.22.0.RELEASE\plugins\org.eclipse.m2e.maven.runtime_3.9.600.20231203-1234\jars\plexus-interpolation-1.26.jar
2025-08-16 12:49:19,727 [Worker-43: Launching Executing install in D__SpringBoot_Microservices_Project_microservices_catlog-services] INFO  o.eclipse.m2e.core.internal.Bundles - 	Entry: C:\STS\sts-4.22.0.RELEASE\plugins\org.eclipse.m2e.maven.runtime_3.9.600.20231203-1234\jars\plexus-sec-dispatcher-2.0.jar
2025-08-16 12:49:19,727 [Worker-43: Launching Executing install in D__SpringBoot_Microservices_Project_microservices_catlog-services] INFO  o.eclipse.m2e.core.internal.Bundles - 	Entry: C:\STS\sts-4.22.0.RELEASE\plugins\org.eclipse.m2e.maven.runtime_3.9.600.20231203-1234\jars\plexus-utils-3.5.1.jar
2025-08-16 12:49:19,727 [Worker-43: Launching Executing install in D__SpringBoot_Microservices_Project_microservices_catlog-services] INFO  o.eclipse.m2e.core.internal.Bundles - 	Entry: C:\STS\sts-4.22.0.RELEASE\plugins\org.eclipse.m2e.maven.runtime_3.9.600.20231203-1234\jars\wagon-file-3.5.3.jar
2025-08-16 12:49:19,728 [Worker-43: Launching Executing install in D__SpringBoot_Microservices_Project_microservices_catlog-services] INFO  o.eclipse.m2e.core.internal.Bundles - 	Entry: C:\STS\sts-4.22.0.RELEASE\plugins\org.eclipse.m2e.maven.runtime_3.9.600.20231203-1234\jars\wagon-http-3.5.3.jar
2025-08-16 12:49:19,728 [Worker-43: Launching Executing install in D__SpringBoot_Microservices_Project_microservices_catlog-services] INFO  o.eclipse.m2e.core.internal.Bundles - 	Entry: C:\STS\sts-4.22.0.RELEASE\plugins\org.eclipse.m2e.maven.runtime_3.9.600.20231203-1234\jars\wagon-http-shared-3.5.3.jar
2025-08-16 12:49:19,729 [Worker-43: Launching Executing install in D__SpringBoot_Microservices_Project_microservices_catlog-services] INFO  o.eclipse.m2e.core.internal.Bundles - 	Entry: C:\STS\sts-4.22.0.RELEASE\plugins\org.eclipse.m2e.maven.runtime_3.9.600.20231203-1234\jars\wagon-provider-api-3.5.3.jar
2025-08-16 12:49:19,731 [Worker-43: Launching Executing install in D__SpringBoot_Microservices_Project_microservices_catlog-services] INFO  o.eclipse.m2e.core.internal.Bundles - getClasspathEntries(Bundle=com.google.guava_33.0.0.jre [27])
2025-08-16 12:49:19,734 [Worker-43: Launching Executing install in D__SpringBoot_Microservices_Project_microservices_catlog-services] INFO  o.eclipse.m2e.core.internal.Bundles - 	Entry: C:\STS\sts-4.22.0.RELEASE\plugins\com.google.guava_33.0.0.jre.jar
2025-08-16 12:49:19,734 [Worker-43: Launching Executing install in D__SpringBoot_Microservices_Project_microservices_catlog-services] INFO  o.eclipse.m2e.core.internal.Bundles - getClasspathEntries(Bundle=slf4j.api_2.0.12 [583])
2025-08-16 12:49:19,736 [Worker-43: Launching Executing install in D__SpringBoot_Microservices_Project_microservices_catlog-services] INFO  o.eclipse.m2e.core.internal.Bundles - 	Entry: C:\STS\sts-4.22.0.RELEASE\plugins\slf4j.api_2.0.12.jar
2025-08-16 12:49:19,736 [Worker-43: Launching Executing install in D__SpringBoot_Microservices_Project_microservices_catlog-services] INFO  o.eclipse.m2e.core.internal.Bundles - getClasspathEntries(Bundle=jakarta.inject.jakarta.inject-api_1.0.5 [44])
2025-08-16 12:49:19,737 [Worker-43: Launching Executing install in D__SpringBoot_Microservices_Project_microservices_catlog-services] INFO  o.eclipse.m2e.core.internal.Bundles - 	Entry: C:\STS\sts-4.22.0.RELEASE\plugins\jakarta.inject.jakarta.inject-api_1.0.5.jar
2025-08-16 12:49:19,737 [Worker-43: Launching Executing install in D__SpringBoot_Microservices_Project_microservices_catlog-services] INFO  o.eclipse.m2e.core.internal.Bundles - getClasspathEntries(Bundle=jakarta.annotation-api_1.3.5 [40])
2025-08-16 12:49:19,738 [Worker-43: Launching Executing install in D__SpringBoot_Microservices_Project_microservices_catlog-services] INFO  o.eclipse.m2e.core.internal.Bundles - 	Entry: C:\STS\sts-4.22.0.RELEASE\plugins\jakarta.annotation-api_1.3.5.jar
2025-08-16 12:49:19,738 [Worker-43: Launching Executing install in D__SpringBoot_Microservices_Project_microservices_catlog-services] INFO  o.eclipse.m2e.core.internal.Bundles - getClasspathEntries(Bundle=org.apache.commons.cli_1.6.0 [75])
2025-08-16 12:49:19,738 [Worker-43: Launching Executing install in D__SpringBoot_Microservices_Project_microservices_catlog-services] INFO  o.eclipse.m2e.core.internal.Bundles - 	Entry: C:\STS\sts-4.22.0.RELEASE\plugins\org.apache.commons.cli_1.6.0.jar
2025-08-16 12:49:19,739 [Worker-43: Launching Executing install in D__SpringBoot_Microservices_Project_microservices_catlog-services] INFO  o.eclipse.m2e.core.internal.Bundles - getClasspathEntries(Bundle=org.apache.commons.commons-codec_1.16.0 [77])
2025-08-16 12:49:19,740 [Worker-43: Launching Executing install in D__SpringBoot_Microservices_Project_microservices_catlog-services] INFO  o.eclipse.m2e.core.internal.Bundles - 	Entry: C:\STS\sts-4.22.0.RELEASE\plugins\org.apache.commons.commons-codec_1.16.0.jar
2025-08-16 12:49:19,740 [Worker-43: Launching Executing install in D__SpringBoot_Microservices_Project_microservices_catlog-services] INFO  o.eclipse.m2e.core.internal.Bundles - getClasspathEntries(Bundle=org.apache.commons.lang3_3.14.0 [81])
2025-08-16 12:49:19,740 [Worker-43: Launching Executing install in D__SpringBoot_Microservices_Project_microservices_catlog-services] INFO  o.eclipse.m2e.core.internal.Bundles - 	Entry: C:\STS\sts-4.22.0.RELEASE\plugins\org.apache.commons.lang3_3.14.0.jar
2025-08-16 12:49:19,740 [Worker-43: Launching Executing install in D__SpringBoot_Microservices_Project_microservices_catlog-services] INFO  o.eclipse.m2e.core.internal.Bundles - getClasspathEntries(Bundle=com.google.guava.failureaccess_1.0.2 [29])
2025-08-16 12:49:19,741 [Worker-43: Launching Executing install in D__SpringBoot_Microservices_Project_microservices_catlog-services] INFO  o.eclipse.m2e.core.internal.Bundles - 	Entry: C:\STS\sts-4.22.0.RELEASE\plugins\com.google.guava.failureaccess_1.0.2.jar
2025-08-16 12:49:19,746 [Worker-43: Launching Executing install in D__SpringBoot_Microservices_Project_microservices_catlog-services] INFO  o.e.m.i.launch.MavenLaunchDelegate - Run build in "D:\SpringBoot_Microservices_Project\microservices\catlog-services":
2025-08-16 12:49:19,748 [Worker-43: Launching Executing install in D__SpringBoot_Microservices_Project_microservices_catlog-services] INFO  o.e.m.i.launch.MavenLaunchDelegate -  mvn  -B -Dstyle.color=always install
2025-08-16 12:56:45,601 [Worker-52: Launching catlog-services - CatlogServicesApplication] ERROR o.e.m.c.i.URLConnectionCaches - Unexpected URLConnection defaultUseCaches enabled
2025-08-16 12:56:47,773 [Worker-52: Launching catlog-services - CatlogServicesApplication] INFO  o.e.m.c.i.l.LifecycleMappingFactory - Using org.eclipse.m2e.jdt.JarLifecycleMapping lifecycle mapping for MavenProject: com.demo:catlog-services:0.0.1-SNAPSHOT @ D:\SpringBoot_Microservices_Project\microservices\catlog-services\pom.xml.
2025-08-16 12:56:52,754 [Worker-52: Launching catlog-services - CatlogServicesApplication] ERROR o.e.m.c.i.URLConnectionCaches - Unexpected URLConnection defaultUseCaches enabled
2025-08-16 12:56:59,895 [Worker-52: Launching catlog-services - CatlogServicesApplication] INFO  o.e.m.c.i.embedder.EclipseLogger - Skip mojo execution on incremental builds.
2025-08-16 12:57:02,109 [Worker-52: Launching catlog-services - CatlogServicesApplication] INFO  o.a.m.s.f.DefaultMavenResourcesFiltering - Copying 1 resource from src\main\resources to target\classes
2025-08-16 12:57:02,197 [Worker-52: Launching catlog-services - CatlogServicesApplication] INFO  o.a.m.s.f.DefaultMavenResourcesFiltering - Copying 0 resource from src\main\resources to target\classes
2025-08-16 12:57:02,205 [Worker-52: Launching catlog-services - CatlogServicesApplication] INFO  o.a.m.s.f.DefaultMavenResourcesFiltering - skip non existing resourceDirectory D:\SpringBoot_Microservices_Project\microservices\catlog-services\src\test\resources
2025-08-16 12:57:02,404 [Worker-43: Updating Maven Project] INFO  o.e.m.c.i.p.ProjectConfigurationManager - Update started
2025-08-16 12:57:02,513 [Worker-43: Updating Maven Project] ERROR o.e.m.c.i.URLConnectionCaches - Unexpected URLConnection defaultUseCaches enabled
2025-08-16 12:57:05,214 [Worker-43: Updating Maven Project] INFO  o.e.m.c.i.l.LifecycleMappingFactory - Using org.eclipse.m2e.jdt.JarLifecycleMapping lifecycle mapping for MavenProject: com.demo:catlog-services:0.0.1-SNAPSHOT @ D:\SpringBoot_Microservices_Project\microservices\catlog-services\pom.xml.
2025-08-16 12:57:07,728 [Worker-43: Updating Maven Project] ERROR o.e.m.c.i.URLConnectionCaches - Unexpected URLConnection defaultUseCaches enabled
2025-08-16 12:57:08,071 [Worker-43: Updating Maven Project] INFO  o.e.m.j.i.AbstractJavaProjectConfigurator - Adding source folder /catlog-services/src/main/java
2025-08-16 12:57:08,072 [Worker-43: Updating Maven Project] INFO  o.e.m.j.i.AbstractJavaProjectConfigurator - Adding resource folder /catlog-services/src/main/resources
2025-08-16 12:57:08,073 [Worker-43: Updating Maven Project] INFO  o.e.m.j.i.AbstractJavaProjectConfigurator - Adding resource folder /catlog-services/src/main/resources
2025-08-16 12:57:08,074 [Worker-43: Updating Maven Project] INFO  o.e.m.j.i.AbstractJavaProjectConfigurator - Adding source folder /catlog-services/src/test/java
2025-08-16 12:57:08,077 [Worker-43: Updating Maven Project] INFO  o.e.m.j.i.AbstractJavaProjectConfigurator - Adding resource folder /catlog-services/src/test/resources
2025-08-16 12:57:10,008 [Worker-43: Updating Maven Project] INFO  o.e.m.c.i.p.ProjectConfigurationManager - Update completed for 1 poms: local refresh takes 0.00 sec, refresh facades takes 5.00 sec, update config takes 1.00 sec 
2025-08-16 12:57:10,040 [Worker-67: Updating Maven Project] INFO  o.e.m.c.i.p.ProjectConfigurationManager - Update started
2025-08-16 12:57:10,208 [Worker-67: Updating Maven Project] ERROR o.e.m.c.i.URLConnectionCaches - Unexpected URLConnection defaultUseCaches enabled
2025-08-16 12:57:13,991 [Worker-67: Updating Maven Project] INFO  o.e.m.c.i.l.LifecycleMappingFactory - Using org.eclipse.m2e.jdt.JarLifecycleMapping lifecycle mapping for MavenProject: com.demo:catlog-services:0.0.1-SNAPSHOT @ D:\SpringBoot_Microservices_Project\microservices\catlog-services\pom.xml.
2025-08-16 12:57:17,479 [Worker-67: Updating Maven Project] ERROR o.e.m.c.i.URLConnectionCaches - Unexpected URLConnection defaultUseCaches enabled
2025-08-16 12:57:17,572 [Worker-67: Updating Maven Project] INFO  o.e.m.j.i.AbstractJavaProjectConfigurator - Adding source folder /catlog-services/src/main/java
2025-08-16 12:57:17,585 [Worker-67: Updating Maven Project] INFO  o.e.m.j.i.AbstractJavaProjectConfigurator - Adding resource folder /catlog-services/src/main/resources
2025-08-16 12:57:17,585 [Worker-67: Updating Maven Project] INFO  o.e.m.j.i.AbstractJavaProjectConfigurator - Adding resource folder /catlog-services/src/main/resources
2025-08-16 12:57:17,585 [Worker-67: Updating Maven Project] INFO  o.e.m.j.i.AbstractJavaProjectConfigurator - Adding source folder /catlog-services/src/test/java
2025-08-16 12:57:17,589 [Worker-67: Updating Maven Project] INFO  o.e.m.j.i.AbstractJavaProjectConfigurator - Adding resource folder /catlog-services/src/test/resources
2025-08-16 12:57:21,586 [Worker-67: Updating Maven Project] INFO  o.e.m.c.i.p.ProjectConfigurationManager - Update completed for 1 poms: local refresh takes 0.00 sec, refresh facades takes 7.00 sec, update config takes 1.00 sec 
2025-08-16 13:00:08,604 [Worker-72: Launching catlog-services - CatlogServicesApplication] ERROR o.e.m.c.i.URLConnectionCaches - Unexpected URLConnection defaultUseCaches enabled
2025-08-16 13:00:09,161 [Worker-72: Launching catlog-services - CatlogServicesApplication] INFO  o.e.m.c.i.embedder.EclipseLogger - dotGitDirectory 'D:\SpringBoot_Microservices_Project\microservices\catlog-services\.git'
2025-08-16 13:00:15,393 [Worker-72: Launching catlog-services - CatlogServicesApplication] INFO  o.e.m.c.i.embedder.EclipseLogger - Collected git.build.user.name with value AjayGaneshram
2025-08-16 13:00:15,400 [Worker-72: Launching catlog-services - CatlogServicesApplication] INFO  o.e.m.c.i.embedder.EclipseLogger - Collected git.build.user.email with value 95750604+AjayGaneshram@users.noreply.github.com
2025-08-16 13:00:15,552 [Worker-72: Launching catlog-services - CatlogServicesApplication] INFO  o.e.m.c.i.embedder.EclipseLogger - Collected git.branch with value main
2025-08-16 13:00:15,833 [Worker-72: Launching catlog-services - CatlogServicesApplication] INFO  o.e.m.c.i.embedder.EclipseLogger - Collected git.commit.id.describe with value 8ca81a8-dirty
2025-08-16 13:00:15,835 [Worker-72: Launching catlog-services - CatlogServicesApplication] INFO  o.e.m.c.i.embedder.EclipseLogger - Collected git.commit.id.describe-short with value 8ca81a8-dirty
2025-08-16 13:00:15,836 [Worker-72: Launching catlog-services - CatlogServicesApplication] INFO  o.e.m.c.i.embedder.EclipseLogger - Collected git.commit.id with value 8ca81a8182aa51ba9f19dee884a322d2fb83a123
2025-08-16 13:00:15,838 [Worker-72: Launching catlog-services - CatlogServicesApplication] INFO  o.e.m.c.i.embedder.EclipseLogger - Collected git.commit.id.abbrev with value 8ca81a8
2025-08-16 13:00:15,884 [Worker-72: Launching catlog-services - CatlogServicesApplication] INFO  o.e.m.c.i.embedder.EclipseLogger - Collected git.dirty with value true
2025-08-16 13:00:15,890 [Worker-72: Launching catlog-services - CatlogServicesApplication] INFO  o.e.m.c.i.embedder.EclipseLogger - Collected git.commit.user.name with value AjayGaneshram
2025-08-16 13:00:15,891 [Worker-72: Launching catlog-services - CatlogServicesApplication] INFO  o.e.m.c.i.embedder.EclipseLogger - Collected git.commit.user.email with value 95750604+AjayGaneshram@users.noreply.github.com
2025-08-16 13:00:15,892 [Worker-72: Launching catlog-services - CatlogServicesApplication] INFO  o.e.m.c.i.embedder.EclipseLogger - Collected git.commit.message.full with value Merge branch 'main' of https://github.com/AjayGaneshram/SpringBoot_Miroservices
2025-08-16 13:00:15,895 [Worker-72: Launching catlog-services - CatlogServicesApplication] INFO  o.e.m.c.i.embedder.EclipseLogger - Collected git.commit.message.short with value Merge branch 'main' of https://github.com/AjayGaneshram/SpringBoot_Miroservices
2025-08-16 13:00:15,901 [Worker-72: Launching catlog-services - CatlogServicesApplication] INFO  o.e.m.c.i.embedder.EclipseLogger - Collected git.commit.time with value 2025-08-16T12:47:36+05:30
2025-08-16 13:00:15,903 [Worker-72: Launching catlog-services - CatlogServicesApplication] INFO  o.e.m.c.i.embedder.EclipseLogger - Collected git.commit.author.time with value 2025-08-16T12:47:36+05:30
2025-08-16 13:00:15,906 [Worker-72: Launching catlog-services - CatlogServicesApplication] INFO  o.e.m.c.i.embedder.EclipseLogger - Collected git.commit.committer.time with value 2025-08-16T12:47:36+05:30
2025-08-16 13:00:15,911 [Worker-72: Launching catlog-services - CatlogServicesApplication] INFO  o.e.m.c.i.embedder.EclipseLogger - Collected git.remote.origin.url with value https://github.com/AjayGaneshram/SpringBoot_Miroservices.git
2025-08-16 13:00:15,922 [Worker-72: Launching catlog-services - CatlogServicesApplication] INFO  o.e.m.c.i.embedder.EclipseLogger - Collected git.tags with value 
2025-08-16 13:00:15,932 [Worker-72: Launching catlog-services - CatlogServicesApplication] INFO  o.e.m.c.i.embedder.EclipseLogger - Collected git.tag with value 
2025-08-16 13:00:15,949 [Worker-72: Launching catlog-services - CatlogServicesApplication] INFO  o.e.m.c.i.embedder.EclipseLogger - Collected git.closest.tag.name with value 
2025-08-16 13:00:15,969 [Worker-72: Launching catlog-services - CatlogServicesApplication] INFO  o.e.m.c.i.embedder.EclipseLogger - Collected git.closest.tag.commit.count with value 
2025-08-16 13:00:15,977 [Worker-72: Launching catlog-services - CatlogServicesApplication] INFO  o.e.m.c.i.embedder.EclipseLogger - Collected git.total.commit.count with value 3
2025-08-16 13:00:16,020 [Worker-72: Launching catlog-services - CatlogServicesApplication] INFO  o.e.m.c.i.embedder.EclipseLogger - Collected git.local.branch.ahead with value 0
2025-08-16 13:00:16,022 [Worker-72: Launching catlog-services - CatlogServicesApplication] INFO  o.e.m.c.i.embedder.EclipseLogger - Collected git.local.branch.behind with value 0
2025-08-16 13:00:16,040 [Worker-72: Launching catlog-services - CatlogServicesApplication] INFO  o.e.m.c.i.embedder.EclipseLogger - Collected git.build.time with value 2025-08-16T13:00:16+05:30
2025-08-16 13:00:16,040 [Worker-72: Launching catlog-services - CatlogServicesApplication] INFO  o.e.m.c.i.embedder.EclipseLogger - Collected git.build.version with value 0.0.1-SNAPSHOT
2025-08-16 13:00:16,049 [Worker-72: Launching catlog-services - CatlogServicesApplication] INFO  o.e.m.c.i.embedder.EclipseLogger - Collected git.build.host with value DESKTOP-FTN7TA0
2025-08-16 13:00:16,053 [Worker-72: Launching catlog-services - CatlogServicesApplication] INFO  o.e.m.c.i.embedder.EclipseLogger - including property 'git.tags' in results
2025-08-16 13:00:16,053 [Worker-72: Launching catlog-services - CatlogServicesApplication] INFO  o.e.m.c.i.embedder.EclipseLogger - including property 'git.build.version' in results
2025-08-16 13:00:16,053 [Worker-72: Launching catlog-services - CatlogServicesApplication] INFO  o.e.m.c.i.embedder.EclipseLogger - including property 'git.branch' in results
2025-08-16 13:00:16,053 [Worker-72: Launching catlog-services - CatlogServicesApplication] INFO  o.e.m.c.i.embedder.EclipseLogger - including property 'git.build.host' in results
2025-08-16 13:00:16,053 [Worker-72: Launching catlog-services - CatlogServicesApplication] INFO  o.e.m.c.i.embedder.EclipseLogger - including property 'git.commit.id' in results
2025-08-16 13:00:16,053 [Worker-72: Launching catlog-services - CatlogServicesApplication] INFO  o.e.m.c.i.embedder.EclipseLogger - including property 'git.commit.user.email' in results
2025-08-16 13:00:16,053 [Worker-72: Launching catlog-services - CatlogServicesApplication] INFO  o.e.m.c.i.embedder.EclipseLogger - including property 'git.local.branch.behind' in results
2025-08-16 13:00:16,053 [Worker-72: Launching catlog-services - CatlogServicesApplication] INFO  o.e.m.c.i.embedder.EclipseLogger - including property 'git.commit.author.time' in results
2025-08-16 13:00:16,053 [Worker-72: Launching catlog-services - CatlogServicesApplication] INFO  o.e.m.c.i.embedder.EclipseLogger - including property 'git.build.user.name' in results
2025-08-16 13:00:16,053 [Worker-72: Launching catlog-services - CatlogServicesApplication] INFO  o.e.m.c.i.embedder.EclipseLogger - including property 'git.dirty' in results
2025-08-16 13:00:16,053 [Worker-72: Launching catlog-services - CatlogServicesApplication] INFO  o.e.m.c.i.embedder.EclipseLogger - including property 'git.closest.tag.commit.count' in results
2025-08-16 13:00:16,053 [Worker-72: Launching catlog-services - CatlogServicesApplication] INFO  o.e.m.c.i.embedder.EclipseLogger - including property 'git.commit.user.name' in results
2025-08-16 13:00:16,053 [Worker-72: Launching catlog-services - CatlogServicesApplication] INFO  o.e.m.c.i.embedder.EclipseLogger - including property 'git.commit.id.abbrev' in results
2025-08-16 13:00:16,053 [Worker-72: Launching catlog-services - CatlogServicesApplication] INFO  o.e.m.c.i.embedder.EclipseLogger - including property 'git.commit.id.describe-short' in results
2025-08-16 13:00:16,053 [Worker-72: Launching catlog-services - CatlogServicesApplication] INFO  o.e.m.c.i.embedder.EclipseLogger - including property 'git.total.commit.count' in results
2025-08-16 13:00:16,053 [Worker-72: Launching catlog-services - CatlogServicesApplication] INFO  o.e.m.c.i.embedder.EclipseLogger - including property 'git.commit.id.describe' in results
2025-08-16 13:00:16,053 [Worker-72: Launching catlog-services - CatlogServicesApplication] INFO  o.e.m.c.i.embedder.EclipseLogger - including property 'git.build.user.email' in results
2025-08-16 13:00:16,053 [Worker-72: Launching catlog-services - CatlogServicesApplication] INFO  o.e.m.c.i.embedder.EclipseLogger - including property 'git.commit.message.short' in results
2025-08-16 13:00:16,053 [Worker-72: Launching catlog-services - CatlogServicesApplication] INFO  o.e.m.c.i.embedder.EclipseLogger - including property 'git.commit.committer.time' in results
2025-08-16 13:00:16,053 [Worker-72: Launching catlog-services - CatlogServicesApplication] INFO  o.e.m.c.i.embedder.EclipseLogger - including property 'git.tag' in results
2025-08-16 13:00:16,053 [Worker-72: Launching catlog-services - CatlogServicesApplication] INFO  o.e.m.c.i.embedder.EclipseLogger - including property 'git.closest.tag.name' in results
2025-08-16 13:00:16,053 [Worker-72: Launching catlog-services - CatlogServicesApplication] INFO  o.e.m.c.i.embedder.EclipseLogger - including property 'git.local.branch.ahead' in results
2025-08-16 13:00:16,054 [Worker-72: Launching catlog-services - CatlogServicesApplication] INFO  o.e.m.c.i.embedder.EclipseLogger - including property 'git.commit.time' in results
2025-08-16 13:00:16,054 [Worker-72: Launching catlog-services - CatlogServicesApplication] INFO  o.e.m.c.i.embedder.EclipseLogger - including property 'git.build.time' in results
2025-08-16 13:00:16,054 [Worker-72: Launching catlog-services - CatlogServicesApplication] INFO  o.e.m.c.i.embedder.EclipseLogger - including property 'git.commit.message.full' in results
2025-08-16 13:00:16,054 [Worker-72: Launching catlog-services - CatlogServicesApplication] INFO  o.e.m.c.i.embedder.EclipseLogger - including property 'git.remote.origin.url' in results
2025-08-16 13:00:16,061 [Worker-72: Launching catlog-services - CatlogServicesApplication] INFO  o.e.m.c.i.embedder.EclipseLogger - Writing properties file [D:\SpringBoot_Microservices_Project\microservices\catlog-services\target\classes\git.properties] (for project catlog-services)...
2025-08-16 13:00:17,800 [Worker-72: Launching catlog-services - CatlogServicesApplication] INFO  o.a.m.s.f.DefaultMavenResourcesFiltering - Copying 1 resource from src\main\resources to target\classes
2025-08-16 13:00:17,865 [Worker-72: Launching catlog-services - CatlogServicesApplication] INFO  o.a.m.s.f.DefaultMavenResourcesFiltering - Copying 0 resource from src\main\resources to target\classes
2025-08-16 13:00:17,883 [Worker-72: Launching catlog-services - CatlogServicesApplication] INFO  o.a.m.s.f.DefaultMavenResourcesFiltering - skip non existing resourceDirectory D:\SpringBoot_Microservices_Project\microservices\catlog-services\src\test\resources
2025-08-16 13:46:07,188 [Worker-79: Launching catlog-services - CatlogServicesApplication] ERROR o.e.m.c.i.URLConnectionCaches - Unexpected URLConnection defaultUseCaches enabled
2025-08-16 13:46:07,213 [Worker-79: Launching catlog-services - CatlogServicesApplication] INFO  o.e.m.c.i.embedder.EclipseLogger - Skip mojo execution on incremental builds.
2025-08-16 13:46:07,242 [Worker-79: Launching catlog-services - CatlogServicesApplication] INFO  o.a.m.s.f.DefaultMavenResourcesFiltering - Copying 1 resource from src\main\resources to target\classes
2025-08-16 13:46:07,348 [Worker-79: Launching catlog-services - CatlogServicesApplication] INFO  o.a.m.s.f.DefaultMavenResourcesFiltering - Copying 0 resource from src\main\resources to target\classes
2025-08-16 13:46:07,360 [Worker-79: Launching catlog-services - CatlogServicesApplication] INFO  o.a.m.s.f.DefaultMavenResourcesFiltering - skip non existing resourceDirectory D:\SpringBoot_Microservices_Project\microservices\catlog-services\src\test\resources
2025-08-16 13:50:03,945 [Worker-65: Launching catlog-services - CatlogServicesApplication] ERROR o.e.m.c.i.URLConnectionCaches - Unexpected URLConnection defaultUseCaches enabled
2025-08-16 13:50:06,111 [Worker-65: Launching catlog-services - CatlogServicesApplication] INFO  o.e.m.c.i.l.LifecycleMappingFactory - Using org.eclipse.m2e.jdt.JarLifecycleMapping lifecycle mapping for MavenProject: com.demo:catlog-services:0.0.1-SNAPSHOT @ D:\SpringBoot_Microservices_Project\microservices\catlog-services\pom.xml.
2025-08-16 13:50:12,364 [Worker-65: Launching catlog-services - CatlogServicesApplication] INFO  o.e.m.c.i.e.AbstractTransferListenerAdapter - Downloading https://repo.maven.apache.org/maven2/org/springdoc/springdoc-openapi-starter-webmvc-ui/2.8.9/springdoc-openapi-starter-webmvc-ui-2.8.9.pom
2025-08-16 13:50:12,439 [Worker-65: Launching catlog-services - CatlogServicesApplication] INFO  o.e.m.c.i.e.AbstractTransferListenerAdapter - Downloaded https://repo.maven.apache.org/maven2/org/springdoc/springdoc-openapi-starter-webmvc-ui/2.8.9/springdoc-openapi-starter-webmvc-ui-2.8.9.pom
2025-08-16 13:50:12,477 [Worker-65: Launching catlog-services - CatlogServicesApplication] INFO  o.e.m.c.i.e.AbstractTransferListenerAdapter - Downloading https://repo.maven.apache.org/maven2/org/springdoc/springdoc-openapi/2.8.9/springdoc-openapi-2.8.9.pom
2025-08-16 13:50:12,521 [Worker-65: Launching catlog-services - CatlogServicesApplication] INFO  o.e.m.c.i.e.AbstractTransferListenerAdapter - Downloaded https://repo.maven.apache.org/maven2/org/springdoc/springdoc-openapi/2.8.9/springdoc-openapi-2.8.9.pom
2025-08-16 13:50:12,551 [Worker-65: Launching catlog-services - CatlogServicesApplication] INFO  o.e.m.c.i.e.AbstractTransferListenerAdapter - Downloading https://repo.maven.apache.org/maven2/org/springframework/boot/spring-boot-starter-parent/3.5.0/spring-boot-starter-parent-3.5.0.pom
2025-08-16 13:50:12,601 [Worker-65: Launching catlog-services - CatlogServicesApplication] INFO  o.e.m.c.i.e.AbstractTransferListenerAdapter - Downloaded https://repo.maven.apache.org/maven2/org/springframework/boot/spring-boot-starter-parent/3.5.0/spring-boot-starter-parent-3.5.0.pom
2025-08-16 13:50:12,650 [Worker-65: Launching catlog-services - CatlogServicesApplication] INFO  o.e.m.c.i.e.AbstractTransferListenerAdapter - Downloading https://repo.maven.apache.org/maven2/org/springframework/boot/spring-boot-dependencies/3.5.0/spring-boot-dependencies-3.5.0.pom
2025-08-16 13:50:12,732 [Worker-65: Launching catlog-services - CatlogServicesApplication] INFO  o.e.m.c.i.e.AbstractTransferListenerAdapter - Downloaded https://repo.maven.apache.org/maven2/org/springframework/boot/spring-boot-dependencies/3.5.0/spring-boot-dependencies-3.5.0.pom
2025-08-16 13:50:12,787 [Worker-65: Launching catlog-services - CatlogServicesApplication] INFO  o.e.m.c.i.e.AbstractTransferListenerAdapter - Downloading https://repo.maven.apache.org/maven2/org/springframework/cloud/spring-cloud-function-dependencies/4.2.2/spring-cloud-function-dependencies-4.2.2.pom
2025-08-16 13:50:12,838 [Worker-65: Launching catlog-services - CatlogServicesApplication] INFO  o.e.m.c.i.e.AbstractTransferListenerAdapter - Downloaded https://repo.maven.apache.org/maven2/org/springframework/cloud/spring-cloud-function-dependencies/4.2.2/spring-cloud-function-dependencies-4.2.2.pom
2025-08-16 13:50:12,872 [Worker-65: Launching catlog-services - CatlogServicesApplication] INFO  o.e.m.c.i.e.AbstractTransferListenerAdapter - Downloading https://repo.maven.apache.org/maven2/org/springframework/cloud/spring-cloud-dependencies-parent/4.2.1/spring-cloud-dependencies-parent-4.2.1.pom
2025-08-16 13:50:12,916 [Worker-65: Launching catlog-services - CatlogServicesApplication] INFO  o.e.m.c.i.e.AbstractTransferListenerAdapter - Downloaded https://repo.maven.apache.org/maven2/org/springframework/cloud/spring-cloud-dependencies-parent/4.2.1/spring-cloud-dependencies-parent-4.2.1.pom
2025-08-16 13:50:12,948 [Worker-65: Launching catlog-services - CatlogServicesApplication] INFO  o.e.m.c.i.e.AbstractTransferListenerAdapter - Downloading https://repo.maven.apache.org/maven2/org/apache/activemq/activemq-bom/6.1.6/activemq-bom-6.1.6.pom
2025-08-16 13:50:12,999 [Worker-65: Launching catlog-services - CatlogServicesApplication] INFO  o.e.m.c.i.e.AbstractTransferListenerAdapter - Downloaded https://repo.maven.apache.org/maven2/org/apache/activemq/activemq-bom/6.1.6/activemq-bom-6.1.6.pom
2025-08-16 13:50:13,042 [Worker-65: Launching catlog-services - CatlogServicesApplication] INFO  o.e.m.c.i.e.AbstractTransferListenerAdapter - Downloading https://repo.maven.apache.org/maven2/io/zipkin/reporter2/zipkin-reporter-bom/3.5.0/zipkin-reporter-bom-3.5.0.pom
2025-08-16 13:50:13,080 [Worker-65: Launching catlog-services - CatlogServicesApplication] INFO  o.e.m.c.i.e.AbstractTransferListenerAdapter - Downloaded https://repo.maven.apache.org/maven2/io/zipkin/reporter2/zipkin-reporter-bom/3.5.0/zipkin-reporter-bom-3.5.0.pom
2025-08-16 13:50:13,120 [Worker-65: Launching catlog-services - CatlogServicesApplication] INFO  o.e.m.c.i.e.AbstractTransferListenerAdapter - Downloading https://repo.maven.apache.org/maven2/org/apache/groovy/groovy-bom/4.0.26/groovy-bom-4.0.26.pom
2025-08-16 13:50:13,156 [Worker-65: Launching catlog-services - CatlogServicesApplication] INFO  o.e.m.c.i.e.AbstractTransferListenerAdapter - Downloaded https://repo.maven.apache.org/maven2/org/apache/groovy/groovy-bom/4.0.26/groovy-bom-4.0.26.pom
2025-08-16 13:50:13,197 [Worker-65: Launching catlog-services - CatlogServicesApplication] INFO  o.e.m.c.i.e.AbstractTransferListenerAdapter - Downloading https://repo.maven.apache.org/maven2/org/infinispan/infinispan-bom/15.2.1.Final/infinispan-bom-15.2.1.Final.pom
2025-08-16 13:50:13,243 [Worker-65: Launching catlog-services - CatlogServicesApplication] INFO  o.e.m.c.i.e.AbstractTransferListenerAdapter - Downloaded https://repo.maven.apache.org/maven2/org/infinispan/infinispan-bom/15.2.1.Final/infinispan-bom-15.2.1.Final.pom
2025-08-16 13:50:13,282 [Worker-65: Launching catlog-services - CatlogServicesApplication] INFO  o.e.m.c.i.e.AbstractTransferListenerAdapter - Downloading https://repo.maven.apache.org/maven2/org/infinispan/infinispan-build-configuration-parent/15.2.1.Final/infinispan-build-configuration-parent-15.2.1.Final.pom
2025-08-16 13:50:13,320 [Worker-65: Launching catlog-services - CatlogServicesApplication] INFO  o.e.m.c.i.e.AbstractTransferListenerAdapter - Downloaded https://repo.maven.apache.org/maven2/org/infinispan/infinispan-build-configuration-parent/15.2.1.Final/infinispan-build-configuration-parent-15.2.1.Final.pom
2025-08-16 13:50:13,369 [Worker-65: Launching catlog-services - CatlogServicesApplication] INFO  o.e.m.c.i.e.AbstractTransferListenerAdapter - Downloading https://repo.maven.apache.org/maven2/org/eclipse/jetty/ee10/jetty-ee10-bom/12.0.21/jetty-ee10-bom-12.0.21.pom
2025-08-16 13:50:13,419 [Worker-65: Launching catlog-services - CatlogServicesApplication] INFO  o.e.m.c.i.e.AbstractTransferListenerAdapter - Downloaded https://repo.maven.apache.org/maven2/org/eclipse/jetty/ee10/jetty-ee10-bom/12.0.21/jetty-ee10-bom-12.0.21.pom
2025-08-16 13:50:13,460 [Worker-65: Launching catlog-services - CatlogServicesApplication] INFO  o.e.m.c.i.e.AbstractTransferListenerAdapter - Downloading https://repo.maven.apache.org/maven2/org/eclipse/jetty/jetty-bom/12.0.21/jetty-bom-12.0.21.pom
2025-08-16 13:50:13,502 [Worker-65: Launching catlog-services - CatlogServicesApplication] INFO  o.e.m.c.i.e.AbstractTransferListenerAdapter - Downloaded https://repo.maven.apache.org/maven2/org/eclipse/jetty/jetty-bom/12.0.21/jetty-bom-12.0.21.pom
2025-08-16 13:50:13,560 [Worker-65: Launching catlog-services - CatlogServicesApplication] INFO  o.e.m.c.i.e.AbstractTransferListenerAdapter - Downloading https://repo.maven.apache.org/maven2/io/micrometer/micrometer-bom/1.15.0/micrometer-bom-1.15.0.pom
2025-08-16 13:50:13,595 [Worker-65: Launching catlog-services - CatlogServicesApplication] INFO  o.e.m.c.i.e.AbstractTransferListenerAdapter - Downloaded https://repo.maven.apache.org/maven2/io/micrometer/micrometer-bom/1.15.0/micrometer-bom-1.15.0.pom
2025-08-16 13:50:13,634 [Worker-65: Launching catlog-services - CatlogServicesApplication] INFO  o.e.m.c.i.e.AbstractTransferListenerAdapter - Downloading https://repo.maven.apache.org/maven2/io/micrometer/micrometer-tracing-bom/1.5.0/micrometer-tracing-bom-1.5.0.pom
2025-08-16 13:50:13,668 [Worker-65: Launching catlog-services - CatlogServicesApplication] INFO  o.e.m.c.i.e.AbstractTransferListenerAdapter - Downloaded https://repo.maven.apache.org/maven2/io/micrometer/micrometer-tracing-bom/1.5.0/micrometer-tracing-bom-1.5.0.pom
2025-08-16 13:50:13,700 [Worker-65: Launching catlog-services - CatlogServicesApplication] INFO  o.e.m.c.i.e.AbstractTransferListenerAdapter - Downloading https://repo.maven.apache.org/maven2/org/mongodb/mongodb-driver-bom/5.4.0/mongodb-driver-bom-5.4.0.pom
2025-08-16 13:50:13,735 [Worker-65: Launching catlog-services - CatlogServicesApplication] INFO  o.e.m.c.i.e.AbstractTransferListenerAdapter - Downloaded https://repo.maven.apache.org/maven2/org/mongodb/mongodb-driver-bom/5.4.0/mongodb-driver-bom-5.4.0.pom
2025-08-16 13:50:13,766 [Worker-65: Launching catlog-services - CatlogServicesApplication] INFO  o.e.m.c.i.e.AbstractTransferListenerAdapter - Downloading https://repo.maven.apache.org/maven2/io/netty/netty-bom/4.1.121.Final/netty-bom-4.1.121.Final.pom
2025-08-16 13:50:13,807 [Worker-65: Launching catlog-services - CatlogServicesApplication] INFO  o.e.m.c.i.e.AbstractTransferListenerAdapter - Downloaded https://repo.maven.apache.org/maven2/io/netty/netty-bom/4.1.121.Final/netty-bom-4.1.121.Final.pom
2025-08-16 13:50:13,873 [Worker-65: Launching catlog-services - CatlogServicesApplication] INFO  o.e.m.c.i.e.AbstractTransferListenerAdapter - Downloading https://repo.maven.apache.org/maven2/org/apache/pulsar/pulsar-bom/4.0.4/pulsar-bom-4.0.4.pom
2025-08-16 13:50:13,912 [Worker-65: Launching catlog-services - CatlogServicesApplication] INFO  o.e.m.c.i.e.AbstractTransferListenerAdapter - Downloaded https://repo.maven.apache.org/maven2/org/apache/pulsar/pulsar-bom/4.0.4/pulsar-bom-4.0.4.pom
2025-08-16 13:50:13,961 [Worker-65: Launching catlog-services - CatlogServicesApplication] INFO  o.e.m.c.i.e.AbstractTransferListenerAdapter - Downloading https://repo.maven.apache.org/maven2/io/projectreactor/reactor-bom/2024.0.6/reactor-bom-2024.0.6.pom
2025-08-16 13:50:14,001 [Worker-65: Launching catlog-services - CatlogServicesApplication] INFO  o.e.m.c.i.e.AbstractTransferListenerAdapter - Downloaded https://repo.maven.apache.org/maven2/io/projectreactor/reactor-bom/2024.0.6/reactor-bom-2024.0.6.pom
2025-08-16 13:50:14,033 [Worker-65: Launching catlog-services - CatlogServicesApplication] INFO  o.e.m.c.i.e.AbstractTransferListenerAdapter - Downloading https://repo.maven.apache.org/maven2/io/rest-assured/rest-assured-bom/5.5.2/rest-assured-bom-5.5.2.pom
2025-08-16 13:50:14,067 [Worker-65: Launching catlog-services - CatlogServicesApplication] INFO  o.e.m.c.i.e.AbstractTransferListenerAdapter - Downloaded https://repo.maven.apache.org/maven2/io/rest-assured/rest-assured-bom/5.5.2/rest-assured-bom-5.5.2.pom
2025-08-16 13:50:14,107 [Worker-65: Launching catlog-services - CatlogServicesApplication] INFO  o.e.m.c.i.e.AbstractTransferListenerAdapter - Downloading https://repo.maven.apache.org/maven2/org/springframework/amqp/spring-amqp-bom/3.2.5/spring-amqp-bom-3.2.5.pom
2025-08-16 13:50:14,140 [Worker-65: Launching catlog-services - CatlogServicesApplication] INFO  o.e.m.c.i.e.AbstractTransferListenerAdapter - Downloaded https://repo.maven.apache.org/maven2/org/springframework/amqp/spring-amqp-bom/3.2.5/spring-amqp-bom-3.2.5.pom
2025-08-16 13:50:14,176 [Worker-65: Launching catlog-services - CatlogServicesApplication] INFO  o.e.m.c.i.e.AbstractTransferListenerAdapter - Downloading https://repo.maven.apache.org/maven2/org/springframework/data/spring-data-bom/2025.0.0/spring-data-bom-2025.0.0.pom
2025-08-16 13:50:14,213 [Worker-65: Launching catlog-services - CatlogServicesApplication] INFO  o.e.m.c.i.e.AbstractTransferListenerAdapter - Downloaded https://repo.maven.apache.org/maven2/org/springframework/data/spring-data-bom/2025.0.0/spring-data-bom-2025.0.0.pom
2025-08-16 13:50:14,244 [Worker-65: Launching catlog-services - CatlogServicesApplication] INFO  o.e.m.c.i.e.AbstractTransferListenerAdapter - Downloading https://repo.maven.apache.org/maven2/org/springframework/spring-framework-bom/6.2.7/spring-framework-bom-6.2.7.pom
2025-08-16 13:50:14,278 [Worker-65: Launching catlog-services - CatlogServicesApplication] INFO  o.e.m.c.i.e.AbstractTransferListenerAdapter - Downloaded https://repo.maven.apache.org/maven2/org/springframework/spring-framework-bom/6.2.7/spring-framework-bom-6.2.7.pom
2025-08-16 13:50:14,310 [Worker-65: Launching catlog-services - CatlogServicesApplication] INFO  o.e.m.c.i.e.AbstractTransferListenerAdapter - Downloading https://repo.maven.apache.org/maven2/org/springframework/integration/spring-integration-bom/6.5.0/spring-integration-bom-6.5.0.pom
2025-08-16 13:50:14,349 [Worker-65: Launching catlog-services - CatlogServicesApplication] INFO  o.e.m.c.i.e.AbstractTransferListenerAdapter - Downloaded https://repo.maven.apache.org/maven2/org/springframework/integration/spring-integration-bom/6.5.0/spring-integration-bom-6.5.0.pom
2025-08-16 13:50:14,387 [Worker-65: Launching catlog-services - CatlogServicesApplication] INFO  o.e.m.c.i.e.AbstractTransferListenerAdapter - Downloading https://repo.maven.apache.org/maven2/org/springframework/pulsar/spring-pulsar-bom/1.2.6/spring-pulsar-bom-1.2.6.pom
2025-08-16 13:50:14,421 [Worker-65: Launching catlog-services - CatlogServicesApplication] INFO  o.e.m.c.i.e.AbstractTransferListenerAdapter - Downloaded https://repo.maven.apache.org/maven2/org/springframework/pulsar/spring-pulsar-bom/1.2.6/spring-pulsar-bom-1.2.6.pom
2025-08-16 13:50:14,455 [Worker-65: Launching catlog-services - CatlogServicesApplication] INFO  o.e.m.c.i.e.AbstractTransferListenerAdapter - Downloading https://repo.maven.apache.org/maven2/org/springframework/security/spring-security-bom/6.5.0/spring-security-bom-6.5.0.pom
2025-08-16 13:50:14,488 [Worker-65: Launching catlog-services - CatlogServicesApplication] INFO  o.e.m.c.i.e.AbstractTransferListenerAdapter - Downloaded https://repo.maven.apache.org/maven2/org/springframework/security/spring-security-bom/6.5.0/spring-security-bom-6.5.0.pom
2025-08-16 13:50:14,519 [Worker-65: Launching catlog-services - CatlogServicesApplication] INFO  o.e.m.c.i.e.AbstractTransferListenerAdapter - Downloading https://repo.maven.apache.org/maven2/org/springframework/session/spring-session-bom/3.5.0/spring-session-bom-3.5.0.pom
2025-08-16 13:50:14,553 [Worker-65: Launching catlog-services - CatlogServicesApplication] INFO  o.e.m.c.i.e.AbstractTransferListenerAdapter - Downloaded https://repo.maven.apache.org/maven2/org/springframework/session/spring-session-bom/3.5.0/spring-session-bom-3.5.0.pom
2025-08-16 13:50:14,584 [Worker-65: Launching catlog-services - CatlogServicesApplication] INFO  o.e.m.c.i.e.AbstractTransferListenerAdapter - Downloading https://repo.maven.apache.org/maven2/org/springframework/ws/spring-ws-bom/4.1.0/spring-ws-bom-4.1.0.pom
2025-08-16 13:50:14,618 [Worker-65: Launching catlog-services - CatlogServicesApplication] INFO  o.e.m.c.i.e.AbstractTransferListenerAdapter - Downloaded https://repo.maven.apache.org/maven2/org/springframework/ws/spring-ws-bom/4.1.0/spring-ws-bom-4.1.0.pom
2025-08-16 13:50:14,650 [Worker-65: Launching catlog-services - CatlogServicesApplication] INFO  o.e.m.c.i.e.AbstractTransferListenerAdapter - Downloading https://repo.maven.apache.org/maven2/org/testcontainers/testcontainers-bom/1.21.0/testcontainers-bom-1.21.0.pom
2025-08-16 13:50:14,687 [Worker-65: Launching catlog-services - CatlogServicesApplication] INFO  o.e.m.c.i.e.AbstractTransferListenerAdapter - Downloaded https://repo.maven.apache.org/maven2/org/testcontainers/testcontainers-bom/1.21.0/testcontainers-bom-1.21.0.pom
2025-08-16 13:50:14,739 [Worker-65: Launching catlog-services - CatlogServicesApplication] INFO  o.e.m.c.i.e.AbstractTransferListenerAdapter - Downloading https://repo.maven.apache.org/maven2/org/springdoc/springdoc-openapi-starter-webmvc-api/2.8.9/springdoc-openapi-starter-webmvc-api-2.8.9.pom
2025-08-16 13:50:14,769 [Worker-65: Launching catlog-services - CatlogServicesApplication] INFO  o.e.m.c.i.e.AbstractTransferListenerAdapter - Downloaded https://repo.maven.apache.org/maven2/org/springdoc/springdoc-openapi-starter-webmvc-api/2.8.9/springdoc-openapi-starter-webmvc-api-2.8.9.pom
2025-08-16 13:50:14,806 [Worker-65: Launching catlog-services - CatlogServicesApplication] INFO  o.e.m.c.i.e.AbstractTransferListenerAdapter - Downloading https://repo.maven.apache.org/maven2/org/springdoc/springdoc-openapi-starter-common/2.8.9/springdoc-openapi-starter-common-2.8.9.pom
2025-08-16 13:50:14,844 [Worker-65: Launching catlog-services - CatlogServicesApplication] INFO  o.e.m.c.i.e.AbstractTransferListenerAdapter - Downloaded https://repo.maven.apache.org/maven2/org/springdoc/springdoc-openapi-starter-common/2.8.9/springdoc-openapi-starter-common-2.8.9.pom
2025-08-16 13:50:14,891 [Worker-65: Launching catlog-services - CatlogServicesApplication] INFO  o.e.m.c.i.e.AbstractTransferListenerAdapter - Downloading https://repo.maven.apache.org/maven2/io/swagger/core/v3/swagger-core-jakarta/2.2.30/swagger-core-jakarta-2.2.30.pom
2025-08-16 13:50:14,923 [Worker-65: Launching catlog-services - CatlogServicesApplication] INFO  o.e.m.c.i.e.AbstractTransferListenerAdapter - Downloaded https://repo.maven.apache.org/maven2/io/swagger/core/v3/swagger-core-jakarta/2.2.30/swagger-core-jakarta-2.2.30.pom
2025-08-16 13:50:14,952 [Worker-65: Launching catlog-services - CatlogServicesApplication] INFO  o.e.m.c.i.e.AbstractTransferListenerAdapter - Downloading https://repo.maven.apache.org/maven2/io/swagger/core/v3/swagger-project-jakarta/2.2.30/swagger-project-jakarta-2.2.30.pom
2025-08-16 13:50:14,992 [Worker-65: Launching catlog-services - CatlogServicesApplication] INFO  o.e.m.c.i.e.AbstractTransferListenerAdapter - Downloaded https://repo.maven.apache.org/maven2/io/swagger/core/v3/swagger-project-jakarta/2.2.30/swagger-project-jakarta-2.2.30.pom
2025-08-16 13:50:15,036 [Worker-65: Launching catlog-services - CatlogServicesApplication] INFO  o.e.m.c.i.e.AbstractTransferListenerAdapter - Downloading https://repo.maven.apache.org/maven2/org/apache/commons/commons-lang3/3.17.0/commons-lang3-3.17.0.pom
2025-08-16 13:50:15,075 [Worker-65: Launching catlog-services - CatlogServicesApplication] INFO  o.e.m.c.i.e.AbstractTransferListenerAdapter - Downloaded https://repo.maven.apache.org/maven2/org/apache/commons/commons-lang3/3.17.0/commons-lang3-3.17.0.pom
2025-08-16 13:50:15,119 [Worker-65: Launching catlog-services - CatlogServicesApplication] INFO  o.e.m.c.i.e.AbstractTransferListenerAdapter - Downloading https://repo.maven.apache.org/maven2/org/apache/commons/commons-parent/73/commons-parent-73.pom
2025-08-16 13:50:15,158 [Worker-65: Launching catlog-services - CatlogServicesApplication] INFO  o.e.m.c.i.e.AbstractTransferListenerAdapter - Downloaded https://repo.maven.apache.org/maven2/org/apache/commons/commons-parent/73/commons-parent-73.pom
2025-08-16 13:50:15,201 [Worker-65: Launching catlog-services - CatlogServicesApplication] INFO  o.e.m.c.i.e.AbstractTransferListenerAdapter - Downloading https://repo.maven.apache.org/maven2/io/swagger/core/v3/swagger-annotations-jakarta/2.2.30/swagger-annotations-jakarta-2.2.30.pom
2025-08-16 13:50:15,234 [Worker-65: Launching catlog-services - CatlogServicesApplication] INFO  o.e.m.c.i.e.AbstractTransferListenerAdapter - Downloaded https://repo.maven.apache.org/maven2/io/swagger/core/v3/swagger-annotations-jakarta/2.2.30/swagger-annotations-jakarta-2.2.30.pom
2025-08-16 13:50:15,265 [Worker-65: Launching catlog-services - CatlogServicesApplication] INFO  o.e.m.c.i.e.AbstractTransferListenerAdapter - Downloading https://repo.maven.apache.org/maven2/io/swagger/core/v3/swagger-models-jakarta/2.2.30/swagger-models-jakarta-2.2.30.pom
2025-08-16 13:50:15,304 [Worker-65: Launching catlog-services - CatlogServicesApplication] INFO  o.e.m.c.i.e.AbstractTransferListenerAdapter - Downloaded https://repo.maven.apache.org/maven2/io/swagger/core/v3/swagger-models-jakarta/2.2.30/swagger-models-jakarta-2.2.30.pom
2025-08-16 13:50:15,335 [Worker-65: Launching catlog-services - CatlogServicesApplication] INFO  o.e.m.c.i.e.AbstractTransferListenerAdapter - Downloading https://repo.maven.apache.org/maven2/com/fasterxml/jackson/dataformat/jackson-dataformat-yaml/2.19.2/jackson-dataformat-yaml-2.19.2.pom
2025-08-16 13:50:15,370 [Worker-65: Launching catlog-services - CatlogServicesApplication] INFO  o.e.m.c.i.e.AbstractTransferListenerAdapter - Downloaded https://repo.maven.apache.org/maven2/com/fasterxml/jackson/dataformat/jackson-dataformat-yaml/2.19.2/jackson-dataformat-yaml-2.19.2.pom
2025-08-16 13:50:15,403 [Worker-65: Launching catlog-services - CatlogServicesApplication] INFO  o.e.m.c.i.e.AbstractTransferListenerAdapter - Downloading https://repo.maven.apache.org/maven2/org/webjars/swagger-ui/5.21.0/swagger-ui-5.21.0.pom
2025-08-16 13:50:15,446 [Worker-65: Launching catlog-services - CatlogServicesApplication] INFO  o.e.m.c.i.e.AbstractTransferListenerAdapter - Downloaded https://repo.maven.apache.org/maven2/org/webjars/swagger-ui/5.21.0/swagger-ui-5.21.0.pom
2025-08-16 13:50:15,478 [Worker-65: Launching catlog-services - CatlogServicesApplication] INFO  o.e.m.c.i.e.AbstractTransferListenerAdapter - Downloading https://repo.maven.apache.org/maven2/org/webjars/webjars-locator-lite/1.1.0/webjars-locator-lite-1.1.0.pom
2025-08-16 13:50:15,509 [Worker-65: Launching catlog-services - CatlogServicesApplication] INFO  o.e.m.c.i.e.AbstractTransferListenerAdapter - Downloaded https://repo.maven.apache.org/maven2/org/webjars/webjars-locator-lite/1.1.0/webjars-locator-lite-1.1.0.pom
2025-08-16 13:50:15,543 [Worker-65: Launching catlog-services - CatlogServicesApplication] INFO  o.e.m.c.i.e.AbstractTransferListenerAdapter - Downloading https://repo.maven.apache.org/maven2/org/jspecify/jspecify/1.0.0/jspecify-1.0.0.pom
2025-08-16 13:50:15,583 [Worker-65: Launching catlog-services - CatlogServicesApplication] INFO  o.e.m.c.i.e.AbstractTransferListenerAdapter - Downloaded https://repo.maven.apache.org/maven2/org/jspecify/jspecify/1.0.0/jspecify-1.0.0.pom
2025-08-16 13:50:16,370 [Worker-65: Launching catlog-services - CatlogServicesApplication] INFO  o.e.m.c.i.e.AbstractTransferListenerAdapter - Downloading https://repo.maven.apache.org/maven2/org/springdoc/springdoc-openapi-starter-webmvc-ui/2.8.9/springdoc-openapi-starter-webmvc-ui-2.8.9.jar
2025-08-16 13:50:16,774 [Worker-65: Launching catlog-services - CatlogServicesApplication] INFO  o.e.m.c.i.e.AbstractTransferListenerAdapter - Downloaded https://repo.maven.apache.org/maven2/org/springdoc/springdoc-openapi-starter-webmvc-ui/2.8.9/springdoc-openapi-starter-webmvc-ui-2.8.9.jar
2025-08-16 13:50:16,800 [BasicRepositoryConnector-repo.maven.apache.org-0-0] INFO  o.e.m.c.i.e.AbstractTransferListenerAdapter - Downloading https://repo.maven.apache.org/maven2/org/springdoc/springdoc-openapi-starter-webmvc-api/2.8.9/springdoc-openapi-starter-webmvc-api-2.8.9.jar
2025-08-16 13:50:16,872 [BasicRepositoryConnector-repo.maven.apache.org-0-3] INFO  o.e.m.c.i.e.AbstractTransferListenerAdapter - Downloading https://repo.maven.apache.org/maven2/org/apache/commons/commons-lang3/3.17.0/commons-lang3-3.17.0.jar
2025-08-16 13:50:16,872 [BasicRepositoryConnector-repo.maven.apache.org-0-2] INFO  o.e.m.c.i.e.AbstractTransferListenerAdapter - Downloading https://repo.maven.apache.org/maven2/io/swagger/core/v3/swagger-core-jakarta/2.2.30/swagger-core-jakarta-2.2.30.jar
2025-08-16 13:50:16,873 [BasicRepositoryConnector-repo.maven.apache.org-0-4] INFO  o.e.m.c.i.e.AbstractTransferListenerAdapter - Downloading https://repo.maven.apache.org/maven2/io/swagger/core/v3/swagger-annotations-jakarta/2.2.30/swagger-annotations-jakarta-2.2.30.jar
2025-08-16 13:50:16,880 [BasicRepositoryConnector-repo.maven.apache.org-0-1] INFO  o.e.m.c.i.e.AbstractTransferListenerAdapter - Downloading https://repo.maven.apache.org/maven2/org/springdoc/springdoc-openapi-starter-common/2.8.9/springdoc-openapi-starter-common-2.8.9.jar
2025-08-16 13:50:17,021 [BasicRepositoryConnector-repo.maven.apache.org-0-2] INFO  o.e.m.c.i.e.AbstractTransferListenerAdapter - Downloaded https://repo.maven.apache.org/maven2/io/swagger/core/v3/swagger-core-jakarta/2.2.30/swagger-core-jakarta-2.2.30.jar
2025-08-16 13:50:17,044 [BasicRepositoryConnector-repo.maven.apache.org-0-2] INFO  o.e.m.c.i.e.AbstractTransferListenerAdapter - Downloading https://repo.maven.apache.org/maven2/io/swagger/core/v3/swagger-models-jakarta/2.2.30/swagger-models-jakarta-2.2.30.jar
2025-08-16 13:50:17,114 [BasicRepositoryConnector-repo.maven.apache.org-0-1] INFO  o.e.m.c.i.e.AbstractTransferListenerAdapter - Downloaded https://repo.maven.apache.org/maven2/org/springdoc/springdoc-openapi-starter-common/2.8.9/springdoc-openapi-starter-common-2.8.9.jar
2025-08-16 13:50:17,145 [BasicRepositoryConnector-repo.maven.apache.org-0-3] INFO  o.e.m.c.i.e.AbstractTransferListenerAdapter - Downloaded https://repo.maven.apache.org/maven2/org/apache/commons/commons-lang3/3.17.0/commons-lang3-3.17.0.jar
2025-08-16 13:50:17,154 [BasicRepositoryConnector-repo.maven.apache.org-0-1] INFO  o.e.m.c.i.e.AbstractTransferListenerAdapter - Downloading https://repo.maven.apache.org/maven2/com/fasterxml/jackson/dataformat/jackson-dataformat-yaml/2.19.2/jackson-dataformat-yaml-2.19.2.jar
2025-08-16 13:50:17,162 [BasicRepositoryConnector-repo.maven.apache.org-0-2] INFO  o.e.m.c.i.e.AbstractTransferListenerAdapter - Downloaded https://repo.maven.apache.org/maven2/io/swagger/core/v3/swagger-models-jakarta/2.2.30/swagger-models-jakarta-2.2.30.jar
2025-08-16 13:50:17,169 [BasicRepositoryConnector-repo.maven.apache.org-0-3] INFO  o.e.m.c.i.e.AbstractTransferListenerAdapter - Downloading https://repo.maven.apache.org/maven2/org/webjars/swagger-ui/5.21.0/swagger-ui-5.21.0.jar
2025-08-16 13:50:17,190 [BasicRepositoryConnector-repo.maven.apache.org-0-2] INFO  o.e.m.c.i.e.AbstractTransferListenerAdapter - Downloading https://repo.maven.apache.org/maven2/org/webjars/webjars-locator-lite/1.1.0/webjars-locator-lite-1.1.0.jar
2025-08-16 13:50:17,230 [BasicRepositoryConnector-repo.maven.apache.org-0-1] INFO  o.e.m.c.i.e.AbstractTransferListenerAdapter - Downloaded https://repo.maven.apache.org/maven2/com/fasterxml/jackson/dataformat/jackson-dataformat-yaml/2.19.2/jackson-dataformat-yaml-2.19.2.jar
2025-08-16 13:50:17,251 [BasicRepositoryConnector-repo.maven.apache.org-0-1] INFO  o.e.m.c.i.e.AbstractTransferListenerAdapter - Downloading https://repo.maven.apache.org/maven2/org/jspecify/jspecify/1.0.0/jspecify-1.0.0.jar
2025-08-16 13:50:17,375 [BasicRepositoryConnector-repo.maven.apache.org-0-2] INFO  o.e.m.c.i.e.AbstractTransferListenerAdapter - Downloaded https://repo.maven.apache.org/maven2/org/webjars/webjars-locator-lite/1.1.0/webjars-locator-lite-1.1.0.jar
2025-08-16 13:50:17,461 [BasicRepositoryConnector-repo.maven.apache.org-0-1] INFO  o.e.m.c.i.e.AbstractTransferListenerAdapter - Downloaded https://repo.maven.apache.org/maven2/org/jspecify/jspecify/1.0.0/jspecify-1.0.0.jar
2025-08-16 13:50:17,607 [BasicRepositoryConnector-repo.maven.apache.org-0-3] INFO  o.e.m.c.i.e.AbstractTransferListenerAdapter - Downloaded https://repo.maven.apache.org/maven2/org/webjars/swagger-ui/5.21.0/swagger-ui-5.21.0.jar
2025-08-16 13:50:17,735 [BasicRepositoryConnector-repo.maven.apache.org-0-0] INFO  o.e.m.c.i.e.AbstractTransferListenerAdapter - Downloaded https://repo.maven.apache.org/maven2/org/springdoc/springdoc-openapi-starter-webmvc-api/2.8.9/springdoc-openapi-starter-webmvc-api-2.8.9.jar
2025-08-16 13:50:18,935 [BasicRepositoryConnector-repo.maven.apache.org-0-4] INFO  o.e.m.c.i.e.AbstractTransferListenerAdapter - Downloaded https://repo.maven.apache.org/maven2/io/swagger/core/v3/swagger-annotations-jakarta/2.2.30/swagger-annotations-jakarta-2.2.30.jar
2025-08-16 13:50:23,863 [Worker-65: Launching catlog-services - CatlogServicesApplication] ERROR o.e.m.c.i.URLConnectionCaches - Unexpected URLConnection defaultUseCaches enabled
2025-08-16 13:50:25,281 [Worker-84: Download sources and javadoc] INFO  o.e.m.c.i.e.AbstractTransferListenerAdapter - Downloading https://repo.maven.apache.org/maven2/org/springdoc/springdoc-openapi-starter-webmvc-ui/2.8.9/springdoc-openapi-starter-webmvc-ui-2.8.9-sources.jar
2025-08-16 13:50:25,651 [Worker-84: Download sources and javadoc] INFO  o.e.m.c.i.e.AbstractTransferListenerAdapter - Downloaded https://repo.maven.apache.org/maven2/org/springdoc/springdoc-openapi-starter-webmvc-ui/2.8.9/springdoc-openapi-starter-webmvc-ui-2.8.9-sources.jar
2025-08-16 13:50:25,659 [Worker-84: Download sources and javadoc] INFO  o.e.m.j.internal.DownloadSourcesJob - Downloaded sources for org.springdoc:springdoc-openapi-starter-webmvc-ui:2.8.9
2025-08-16 13:50:25,731 [Worker-84: Download sources and javadoc] INFO  o.e.m.c.i.e.AbstractTransferListenerAdapter - Downloading https://repo.maven.apache.org/maven2/org/springdoc/springdoc-openapi-starter-webmvc-api/2.8.9/springdoc-openapi-starter-webmvc-api-2.8.9-sources.jar
2025-08-16 13:50:26,240 [Worker-84: Download sources and javadoc] INFO  o.e.m.c.i.e.AbstractTransferListenerAdapter - Downloaded https://repo.maven.apache.org/maven2/org/springdoc/springdoc-openapi-starter-webmvc-api/2.8.9/springdoc-openapi-starter-webmvc-api-2.8.9-sources.jar
2025-08-16 13:50:26,250 [Worker-84: Download sources and javadoc] INFO  o.e.m.j.internal.DownloadSourcesJob - Downloaded sources for org.springdoc:springdoc-openapi-starter-webmvc-api:2.8.9
2025-08-16 13:50:26,319 [Worker-84: Download sources and javadoc] INFO  o.e.m.c.i.e.AbstractTransferListenerAdapter - Downloading https://repo.maven.apache.org/maven2/org/springdoc/springdoc-openapi-starter-common/2.8.9/springdoc-openapi-starter-common-2.8.9-sources.jar
2025-08-16 13:50:26,366 [Worker-65: Launching catlog-services - CatlogServicesApplication] INFO  o.e.m.c.i.embedder.EclipseLogger - Skip mojo execution on incremental builds.
2025-08-16 13:50:26,440 [Worker-84: Download sources and javadoc] INFO  o.e.m.c.i.e.AbstractTransferListenerAdapter - Downloaded https://repo.maven.apache.org/maven2/org/springdoc/springdoc-openapi-starter-common/2.8.9/springdoc-openapi-starter-common-2.8.9-sources.jar
2025-08-16 13:50:26,449 [Worker-84: Download sources and javadoc] INFO  o.e.m.j.internal.DownloadSourcesJob - Downloaded sources for org.springdoc:springdoc-openapi-starter-common:2.8.9
2025-08-16 13:50:26,791 [Worker-84: Download sources and javadoc] INFO  o.e.m.c.i.e.AbstractTransferListenerAdapter - Downloading https://repo.maven.apache.org/maven2/io/swagger/core/v3/swagger-core-jakarta/2.2.30/swagger-core-jakarta-2.2.30-sources.jar
2025-08-16 13:50:26,869 [Worker-84: Download sources and javadoc] INFO  o.e.m.c.i.e.AbstractTransferListenerAdapter - Downloaded https://repo.maven.apache.org/maven2/io/swagger/core/v3/swagger-core-jakarta/2.2.30/swagger-core-jakarta-2.2.30-sources.jar
2025-08-16 13:50:26,879 [Worker-84: Download sources and javadoc] INFO  o.e.m.j.internal.DownloadSourcesJob - Downloaded sources for io.swagger.core.v3:swagger-core-jakarta:2.2.30
2025-08-16 13:50:26,948 [Worker-84: Download sources and javadoc] INFO  o.e.m.c.i.e.AbstractTransferListenerAdapter - Downloading https://repo.maven.apache.org/maven2/org/apache/commons/commons-lang3/3.17.0/commons-lang3-3.17.0-sources.jar
2025-08-16 13:50:27,134 [Worker-84: Download sources and javadoc] INFO  o.e.m.c.i.e.AbstractTransferListenerAdapter - Downloaded https://repo.maven.apache.org/maven2/org/apache/commons/commons-lang3/3.17.0/commons-lang3-3.17.0-sources.jar
2025-08-16 13:50:27,149 [Worker-84: Download sources and javadoc] INFO  o.e.m.j.internal.DownloadSourcesJob - Downloaded sources for org.apache.commons:commons-lang3:3.17.0
2025-08-16 13:50:27,229 [Worker-84: Download sources and javadoc] INFO  o.e.m.c.i.e.AbstractTransferListenerAdapter - Downloading https://repo.maven.apache.org/maven2/io/swagger/core/v3/swagger-annotations-jakarta/2.2.30/swagger-annotations-jakarta-2.2.30-sources.jar
2025-08-16 13:50:27,307 [Worker-84: Download sources and javadoc] INFO  o.e.m.c.i.e.AbstractTransferListenerAdapter - Downloaded https://repo.maven.apache.org/maven2/io/swagger/core/v3/swagger-annotations-jakarta/2.2.30/swagger-annotations-jakarta-2.2.30-sources.jar
2025-08-16 13:50:27,320 [Worker-84: Download sources and javadoc] INFO  o.e.m.j.internal.DownloadSourcesJob - Downloaded sources for io.swagger.core.v3:swagger-annotations-jakarta:2.2.30
2025-08-16 13:50:27,592 [Worker-84: Download sources and javadoc] INFO  o.e.m.c.i.e.AbstractTransferListenerAdapter - Downloading https://repo.maven.apache.org/maven2/io/swagger/core/v3/swagger-models-jakarta/2.2.30/swagger-models-jakarta-2.2.30-sources.jar
2025-08-16 13:50:27,672 [Worker-84: Download sources and javadoc] INFO  o.e.m.c.i.e.AbstractTransferListenerAdapter - Downloaded https://repo.maven.apache.org/maven2/io/swagger/core/v3/swagger-models-jakarta/2.2.30/swagger-models-jakarta-2.2.30-sources.jar
2025-08-16 13:50:27,686 [Worker-84: Download sources and javadoc] INFO  o.e.m.j.internal.DownloadSourcesJob - Downloaded sources for io.swagger.core.v3:swagger-models-jakarta:2.2.30
2025-08-16 13:50:27,761 [Worker-84: Download sources and javadoc] INFO  o.e.m.c.i.e.AbstractTransferListenerAdapter - Downloading https://repo.maven.apache.org/maven2/com/fasterxml/jackson/dataformat/jackson-dataformat-yaml/2.19.2/jackson-dataformat-yaml-2.19.2-sources.jar
2025-08-16 13:50:28,593 [Worker-84: Download sources and javadoc] INFO  o.e.m.c.i.e.AbstractTransferListenerAdapter - Downloaded https://repo.maven.apache.org/maven2/com/fasterxml/jackson/dataformat/jackson-dataformat-yaml/2.19.2/jackson-dataformat-yaml-2.19.2-sources.jar
2025-08-16 13:50:28,603 [Worker-84: Download sources and javadoc] INFO  o.e.m.j.internal.DownloadSourcesJob - Downloaded sources for com.fasterxml.jackson.dataformat:jackson-dataformat-yaml:2.19.2
2025-08-16 13:50:28,897 [Worker-84: Download sources and javadoc] INFO  o.e.m.c.i.e.AbstractTransferListenerAdapter - Downloaded https://repo.maven.apache.org/maven2/org/webjars/swagger-ui/5.21.0/swagger-ui-5.21.0-sources.jar
2025-08-16 13:50:28,909 [Worker-84: Download sources and javadoc] ERROR o.e.m.j.internal.DownloadSourcesJob - Could not download sources for org.webjars:swagger-ui:5.21.0
org.eclipse.core.runtime.CoreException: Could not resolve artifact org.webjars:swagger-ui:jar:sources:5.21.0
	at org.eclipse.m2e.core.internal.embedder.MavenImpl.lambda$7(MavenImpl.java:540)
	at org.eclipse.m2e.core.internal.embedder.MavenExecutionContext.executeBare(MavenExecutionContext.java:458)
	at org.eclipse.m2e.core.internal.embedder.MavenExecutionContext.execute(MavenExecutionContext.java:292)
	at org.eclipse.m2e.core.internal.embedder.MavenExecutionContext.execute(MavenExecutionContext.java:278)
	at org.eclipse.m2e.core.internal.embedder.MavenImpl.resolve(MavenImpl.java:509)
	at org.eclipse.m2e.core.internal.embedder.MavenImpl.resolve(MavenImpl.java:494)
	at org.eclipse.m2e.jdt.internal.DownloadSourcesJob.download(DownloadSourcesJob.java:308)
	at org.eclipse.m2e.jdt.internal.DownloadSourcesJob.downloadAttachments(DownloadSourcesJob.java:282)
	at org.eclipse.m2e.jdt.internal.DownloadSourcesJob.downloadMaven(DownloadSourcesJob.java:252)
	at org.eclipse.m2e.jdt.internal.DownloadSourcesJob.downloadFilesAndPopulateToUpdate(DownloadSourcesJob.java:220)
	at org.eclipse.m2e.jdt.internal.DownloadSourcesJob.lambda$0(DownloadSourcesJob.java:149)
	at org.eclipse.m2e.core.internal.embedder.MavenExecutionContext.executeBare(MavenExecutionContext.java:458)
	at org.eclipse.m2e.core.internal.embedder.MavenExecutionContext.execute(MavenExecutionContext.java:339)
	at org.eclipse.m2e.core.internal.embedder.MavenExecutionContext.execute(MavenExecutionContext.java:278)
	at org.eclipse.m2e.core.embedder.IMaven.execute(IMaven.java:300)
	at org.eclipse.m2e.jdt.internal.DownloadSourcesJob.run(DownloadSourcesJob.java:149)
	at org.eclipse.core.internal.jobs.Worker.run(Worker.java:63)
2025-08-16 13:50:29,218 [Worker-84: Download sources and javadoc] INFO  o.e.m.c.i.e.AbstractTransferListenerAdapter - Downloading https://repo.maven.apache.org/maven2/org/webjars/webjars-locator-lite/1.1.0/webjars-locator-lite-1.1.0-sources.jar
2025-08-16 13:50:29,361 [Worker-84: Download sources and javadoc] INFO  o.e.m.c.i.e.AbstractTransferListenerAdapter - Downloaded https://repo.maven.apache.org/maven2/org/webjars/webjars-locator-lite/1.1.0/webjars-locator-lite-1.1.0-sources.jar
2025-08-16 13:50:29,370 [Worker-84: Download sources and javadoc] INFO  o.e.m.j.internal.DownloadSourcesJob - Downloaded sources for org.webjars:webjars-locator-lite:1.1.0
2025-08-16 13:50:29,437 [Worker-84: Download sources and javadoc] INFO  o.e.m.c.i.e.AbstractTransferListenerAdapter - Downloading https://repo.maven.apache.org/maven2/org/jspecify/jspecify/1.0.0/jspecify-1.0.0-sources.jar
2025-08-16 13:50:29,654 [Worker-84: Download sources and javadoc] INFO  o.e.m.c.i.e.AbstractTransferListenerAdapter - Downloaded https://repo.maven.apache.org/maven2/org/jspecify/jspecify/1.0.0/jspecify-1.0.0-sources.jar
2025-08-16 13:50:29,664 [Worker-84: Download sources and javadoc] INFO  o.e.m.j.internal.DownloadSourcesJob - Downloaded sources for org.jspecify:jspecify:1.0.0
2025-08-16 13:50:30,331 [Worker-65: Launching catlog-services - CatlogServicesApplication] INFO  o.a.m.s.f.DefaultMavenResourcesFiltering - Copying 0 resource from src\main\resources to target\classes
2025-08-16 13:50:30,333 [Worker-65: Launching catlog-services - CatlogServicesApplication] INFO  o.a.m.s.f.DefaultMavenResourcesFiltering - Copying 0 resource from src\main\resources to target\classes
2025-08-16 13:50:30,345 [Worker-65: Launching catlog-services - CatlogServicesApplication] INFO  o.a.m.s.f.DefaultMavenResourcesFiltering - skip non existing resourceDirectory D:\SpringBoot_Microservices_Project\microservices\catlog-services\src\test\resources
2025-08-16 13:50:33,917 [Worker-85: Download sources and javadoc] INFO  o.e.m.c.i.e.AbstractTransferListenerAdapter - Downloaded https://repo.maven.apache.org/maven2/org/webjars/swagger-ui/5.21.0/swagger-ui-5.21.0-javadoc.jar
2025-08-16 13:50:33,935 [Worker-85: Download sources and javadoc] ERROR o.e.m.j.internal.DownloadSourcesJob - Could not download javadoc for org.webjars:swagger-ui:5.21.0
org.eclipse.core.runtime.CoreException: Could not resolve artifact org.webjars:swagger-ui:jar:javadoc:5.21.0
	at org.eclipse.m2e.core.internal.embedder.MavenImpl.lambda$7(MavenImpl.java:540)
	at org.eclipse.m2e.core.internal.embedder.MavenExecutionContext.executeBare(MavenExecutionContext.java:458)
	at org.eclipse.m2e.core.internal.embedder.MavenExecutionContext.execute(MavenExecutionContext.java:292)
	at org.eclipse.m2e.core.internal.embedder.MavenExecutionContext.execute(MavenExecutionContext.java:278)
	at org.eclipse.m2e.core.internal.embedder.MavenImpl.resolve(MavenImpl.java:509)
	at org.eclipse.m2e.core.internal.embedder.MavenImpl.resolve(MavenImpl.java:494)
	at org.eclipse.m2e.jdt.internal.DownloadSourcesJob.download(DownloadSourcesJob.java:308)
	at org.eclipse.m2e.jdt.internal.DownloadSourcesJob.downloadAttachments(DownloadSourcesJob.java:294)
	at org.eclipse.m2e.jdt.internal.DownloadSourcesJob.downloadMaven(DownloadSourcesJob.java:252)
	at org.eclipse.m2e.jdt.internal.DownloadSourcesJob.downloadFilesAndPopulateToUpdate(DownloadSourcesJob.java:220)
	at org.eclipse.m2e.jdt.internal.DownloadSourcesJob.lambda$0(DownloadSourcesJob.java:149)
	at org.eclipse.m2e.core.internal.embedder.MavenExecutionContext.executeBare(MavenExecutionContext.java:458)
	at org.eclipse.m2e.core.internal.embedder.MavenExecutionContext.execute(MavenExecutionContext.java:339)
	at org.eclipse.m2e.core.internal.embedder.MavenExecutionContext.execute(MavenExecutionContext.java:278)
	at org.eclipse.m2e.core.embedder.IMaven.execute(IMaven.java:300)
	at org.eclipse.m2e.jdt.internal.DownloadSourcesJob.run(DownloadSourcesJob.java:149)
	at org.eclipse.core.internal.jobs.Worker.run(Worker.java:63)
2025-08-16 14:04:34,149 [Worker-90: Launching Executing install in D__SpringBoot_Microservices_Project_microservices_catlog-services] INFO  o.eclipse.m2e.core.internal.Bundles - getClasspathEntries(Bundle=org.eclipse.m2e.maven.runtime_3.9.600.20231203-1234 [354])
2025-08-16 14:04:34,158 [Worker-90: Launching Executing install in D__SpringBoot_Microservices_Project_microservices_catlog-services] INFO  o.eclipse.m2e.core.internal.Bundles - 	Entry: C:\STS\sts-4.22.0.RELEASE\plugins\org.eclipse.m2e.maven.runtime_3.9.600.20231203-1234
2025-08-16 14:04:34,161 [Worker-90: Launching Executing install in D__SpringBoot_Microservices_Project_microservices_catlog-services] INFO  o.eclipse.m2e.core.internal.Bundles - 	Entry: C:\STS\sts-4.22.0.RELEASE\plugins\org.eclipse.m2e.maven.runtime_3.9.600.20231203-1234\jars\aopalliance-1.0.jar
2025-08-16 14:04:34,162 [Worker-90: Launching Executing install in D__SpringBoot_Microservices_Project_microservices_catlog-services] INFO  o.eclipse.m2e.core.internal.Bundles - 	Entry: C:\STS\sts-4.22.0.RELEASE\plugins\org.eclipse.m2e.maven.runtime_3.9.600.20231203-1234\jars\guice-5.1.0.jar
2025-08-16 14:04:34,163 [Worker-90: Launching Executing install in D__SpringBoot_Microservices_Project_microservices_catlog-services] INFO  o.eclipse.m2e.core.internal.Bundles - 	Entry: C:\STS\sts-4.22.0.RELEASE\plugins\org.eclipse.m2e.maven.runtime_3.9.600.20231203-1234\jars\httpclient-4.5.14.jar
2025-08-16 14:04:34,165 [Worker-90: Launching Executing install in D__SpringBoot_Microservices_Project_microservices_catlog-services] INFO  o.eclipse.m2e.core.internal.Bundles - 	Entry: C:\STS\sts-4.22.0.RELEASE\plugins\org.eclipse.m2e.maven.runtime_3.9.600.20231203-1234\jars\httpcore-4.4.16.jar
2025-08-16 14:04:34,166 [Worker-90: Launching Executing install in D__SpringBoot_Microservices_Project_microservices_catlog-services] INFO  o.eclipse.m2e.core.internal.Bundles - 	Entry: C:\STS\sts-4.22.0.RELEASE\plugins\org.eclipse.m2e.maven.runtime_3.9.600.20231203-1234\jars\jansi-2.4.0.jar
2025-08-16 14:04:34,169 [Worker-90: Launching Executing install in D__SpringBoot_Microservices_Project_microservices_catlog-services] INFO  o.eclipse.m2e.core.internal.Bundles - 	Entry: C:\STS\sts-4.22.0.RELEASE\plugins\org.eclipse.m2e.maven.runtime_3.9.600.20231203-1234\jars\jcl-over-slf4j-1.7.36.jar
2025-08-16 14:04:34,170 [Worker-90: Launching Executing install in D__SpringBoot_Microservices_Project_microservices_catlog-services] INFO  o.eclipse.m2e.core.internal.Bundles - 	Entry: C:\STS\sts-4.22.0.RELEASE\plugins\org.eclipse.m2e.maven.runtime_3.9.600.20231203-1234\jars\maven-artifact-3.9.6.jar
2025-08-16 14:04:34,172 [Worker-90: Launching Executing install in D__SpringBoot_Microservices_Project_microservices_catlog-services] INFO  o.eclipse.m2e.core.internal.Bundles - 	Entry: C:\STS\sts-4.22.0.RELEASE\plugins\org.eclipse.m2e.maven.runtime_3.9.600.20231203-1234\jars\maven-builder-support-3.9.6.jar
2025-08-16 14:04:34,174 [Worker-90: Launching Executing install in D__SpringBoot_Microservices_Project_microservices_catlog-services] INFO  o.eclipse.m2e.core.internal.Bundles - 	Entry: C:\STS\sts-4.22.0.RELEASE\plugins\org.eclipse.m2e.maven.runtime_3.9.600.20231203-1234\jars\maven-compat-3.9.6.jar
2025-08-16 14:04:34,174 [Worker-90: Launching Executing install in D__SpringBoot_Microservices_Project_microservices_catlog-services] INFO  o.eclipse.m2e.core.internal.Bundles - 	Entry: C:\STS\sts-4.22.0.RELEASE\plugins\org.eclipse.m2e.maven.runtime_3.9.600.20231203-1234\jars\maven-core-3.9.6.jar
2025-08-16 14:04:34,175 [Worker-90: Launching Executing install in D__SpringBoot_Microservices_Project_microservices_catlog-services] INFO  o.eclipse.m2e.core.internal.Bundles - 	Entry: C:\STS\sts-4.22.0.RELEASE\plugins\org.eclipse.m2e.maven.runtime_3.9.600.20231203-1234\jars\maven-embedder-3.9.6.jar
2025-08-16 14:04:34,175 [Worker-90: Launching Executing install in D__SpringBoot_Microservices_Project_microservices_catlog-services] INFO  o.eclipse.m2e.core.internal.Bundles - 	Entry: C:\STS\sts-4.22.0.RELEASE\plugins\org.eclipse.m2e.maven.runtime_3.9.600.20231203-1234\jars\maven-model-3.9.6.jar
2025-08-16 14:04:34,177 [Worker-90: Launching Executing install in D__SpringBoot_Microservices_Project_microservices_catlog-services] INFO  o.eclipse.m2e.core.internal.Bundles - 	Entry: C:\STS\sts-4.22.0.RELEASE\plugins\org.eclipse.m2e.maven.runtime_3.9.600.20231203-1234\jars\maven-model-builder-3.9.6.jar
2025-08-16 14:04:34,178 [Worker-90: Launching Executing install in D__SpringBoot_Microservices_Project_microservices_catlog-services] INFO  o.eclipse.m2e.core.internal.Bundles - 	Entry: C:\STS\sts-4.22.0.RELEASE\plugins\org.eclipse.m2e.maven.runtime_3.9.600.20231203-1234\jars\maven-plugin-api-3.9.6.jar
2025-08-16 14:04:34,180 [Worker-90: Launching Executing install in D__SpringBoot_Microservices_Project_microservices_catlog-services] INFO  o.eclipse.m2e.core.internal.Bundles - 	Entry: C:\STS\sts-4.22.0.RELEASE\plugins\org.eclipse.m2e.maven.runtime_3.9.600.20231203-1234\jars\maven-repository-metadata-3.9.6.jar
2025-08-16 14:04:34,182 [Worker-90: Launching Executing install in D__SpringBoot_Microservices_Project_microservices_catlog-services] INFO  o.eclipse.m2e.core.internal.Bundles - 	Entry: C:\STS\sts-4.22.0.RELEASE\plugins\org.eclipse.m2e.maven.runtime_3.9.600.20231203-1234\jars\maven-resolver-api-1.9.18.jar
2025-08-16 14:04:34,183 [Worker-90: Launching Executing install in D__SpringBoot_Microservices_Project_microservices_catlog-services] INFO  o.eclipse.m2e.core.internal.Bundles - 	Entry: C:\STS\sts-4.22.0.RELEASE\plugins\org.eclipse.m2e.maven.runtime_3.9.600.20231203-1234\jars\maven-resolver-connector-basic-1.9.18.jar
2025-08-16 14:04:34,184 [Worker-90: Launching Executing install in D__SpringBoot_Microservices_Project_microservices_catlog-services] INFO  o.eclipse.m2e.core.internal.Bundles - 	Entry: C:\STS\sts-4.22.0.RELEASE\plugins\org.eclipse.m2e.maven.runtime_3.9.600.20231203-1234\jars\maven-resolver-impl-1.9.18.jar
2025-08-16 14:04:34,186 [Worker-90: Launching Executing install in D__SpringBoot_Microservices_Project_microservices_catlog-services] INFO  o.eclipse.m2e.core.internal.Bundles - 	Entry: C:\STS\sts-4.22.0.RELEASE\plugins\org.eclipse.m2e.maven.runtime_3.9.600.20231203-1234\jars\maven-resolver-named-locks-1.9.18.jar
2025-08-16 14:04:34,188 [Worker-90: Launching Executing install in D__SpringBoot_Microservices_Project_microservices_catlog-services] INFO  o.eclipse.m2e.core.internal.Bundles - 	Entry: C:\STS\sts-4.22.0.RELEASE\plugins\org.eclipse.m2e.maven.runtime_3.9.600.20231203-1234\jars\maven-resolver-provider-3.9.6.jar
2025-08-16 14:04:34,189 [Worker-90: Launching Executing install in D__SpringBoot_Microservices_Project_microservices_catlog-services] INFO  o.eclipse.m2e.core.internal.Bundles - 	Entry: C:\STS\sts-4.22.0.RELEASE\plugins\org.eclipse.m2e.maven.runtime_3.9.600.20231203-1234\jars\maven-resolver-spi-1.9.18.jar
2025-08-16 14:04:34,191 [Worker-90: Launching Executing install in D__SpringBoot_Microservices_Project_microservices_catlog-services] INFO  o.eclipse.m2e.core.internal.Bundles - 	Entry: C:\STS\sts-4.22.0.RELEASE\plugins\org.eclipse.m2e.maven.runtime_3.9.600.20231203-1234\jars\maven-resolver-transport-file-1.9.18.jar
2025-08-16 14:04:34,192 [Worker-90: Launching Executing install in D__SpringBoot_Microservices_Project_microservices_catlog-services] INFO  o.eclipse.m2e.core.internal.Bundles - 	Entry: C:\STS\sts-4.22.0.RELEASE\plugins\org.eclipse.m2e.maven.runtime_3.9.600.20231203-1234\jars\maven-resolver-transport-http-1.9.18.jar
2025-08-16 14:04:34,194 [Worker-90: Launching Executing install in D__SpringBoot_Microservices_Project_microservices_catlog-services] INFO  o.eclipse.m2e.core.internal.Bundles - 	Entry: C:\STS\sts-4.22.0.RELEASE\plugins\org.eclipse.m2e.maven.runtime_3.9.600.20231203-1234\jars\maven-resolver-transport-wagon-1.9.18.jar
2025-08-16 14:04:34,196 [Worker-90: Launching Executing install in D__SpringBoot_Microservices_Project_microservices_catlog-services] INFO  o.eclipse.m2e.core.internal.Bundles - 	Entry: C:\STS\sts-4.22.0.RELEASE\plugins\org.eclipse.m2e.maven.runtime_3.9.600.20231203-1234\jars\maven-resolver-util-1.9.18.jar
2025-08-16 14:04:34,197 [Worker-90: Launching Executing install in D__SpringBoot_Microservices_Project_microservices_catlog-services] INFO  o.eclipse.m2e.core.internal.Bundles - 	Entry: C:\STS\sts-4.22.0.RELEASE\plugins\org.eclipse.m2e.maven.runtime_3.9.600.20231203-1234\jars\maven-settings-3.9.6.jar
2025-08-16 14:04:34,198 [Worker-90: Launching Executing install in D__SpringBoot_Microservices_Project_microservices_catlog-services] INFO  o.eclipse.m2e.core.internal.Bundles - 	Entry: C:\STS\sts-4.22.0.RELEASE\plugins\org.eclipse.m2e.maven.runtime_3.9.600.20231203-1234\jars\maven-settings-builder-3.9.6.jar
2025-08-16 14:04:34,200 [Worker-90: Launching Executing install in D__SpringBoot_Microservices_Project_microservices_catlog-services] INFO  o.eclipse.m2e.core.internal.Bundles - 	Entry: C:\STS\sts-4.22.0.RELEASE\plugins\org.eclipse.m2e.maven.runtime_3.9.600.20231203-1234\jars\maven-shared-utils-3.3.4.jar
2025-08-16 14:04:34,201 [Worker-90: Launching Executing install in D__SpringBoot_Microservices_Project_microservices_catlog-services] INFO  o.eclipse.m2e.core.internal.Bundles - 	Entry: C:\STS\sts-4.22.0.RELEASE\plugins\org.eclipse.m2e.maven.runtime_3.9.600.20231203-1234\jars\org.eclipse.sisu.inject-0.9.0.M2.jar
2025-08-16 14:04:34,203 [Worker-90: Launching Executing install in D__SpringBoot_Microservices_Project_microservices_catlog-services] INFO  o.eclipse.m2e.core.internal.Bundles - 	Entry: C:\STS\sts-4.22.0.RELEASE\plugins\org.eclipse.m2e.maven.runtime_3.9.600.20231203-1234\jars\org.eclipse.sisu.plexus-0.9.0.M2.jar
2025-08-16 14:04:34,203 [Worker-90: Launching Executing install in D__SpringBoot_Microservices_Project_microservices_catlog-services] INFO  o.eclipse.m2e.core.internal.Bundles - 	Entry: C:\STS\sts-4.22.0.RELEASE\plugins\org.eclipse.m2e.maven.runtime_3.9.600.20231203-1234\jars\plexus-build-api-0.0.7.jar
2025-08-16 14:04:34,207 [Worker-90: Launching Executing install in D__SpringBoot_Microservices_Project_microservices_catlog-services] INFO  o.eclipse.m2e.core.internal.Bundles - 	Entry: C:\STS\sts-4.22.0.RELEASE\plugins\org.eclipse.m2e.maven.runtime_3.9.600.20231203-1234\jars\plexus-cipher-2.0.jar
2025-08-16 14:04:34,208 [Worker-90: Launching Executing install in D__SpringBoot_Microservices_Project_microservices_catlog-services] INFO  o.eclipse.m2e.core.internal.Bundles - 	Entry: C:\STS\sts-4.22.0.RELEASE\plugins\org.eclipse.m2e.maven.runtime_3.9.600.20231203-1234\jars\plexus-classworlds-2.7.0.jar
2025-08-16 14:04:34,209 [Worker-90: Launching Executing install in D__SpringBoot_Microservices_Project_microservices_catlog-services] INFO  o.eclipse.m2e.core.internal.Bundles - 	Entry: C:\STS\sts-4.22.0.RELEASE\plugins\org.eclipse.m2e.maven.runtime_3.9.600.20231203-1234\jars\plexus-component-annotations-2.1.0.jar
2025-08-16 14:04:34,210 [Worker-90: Launching Executing install in D__SpringBoot_Microservices_Project_microservices_catlog-services] INFO  o.eclipse.m2e.core.internal.Bundles - 	Entry: C:\STS\sts-4.22.0.RELEASE\plugins\org.eclipse.m2e.maven.runtime_3.9.600.20231203-1234\jars\plexus-interpolation-1.26.jar
2025-08-16 14:04:34,212 [Worker-90: Launching Executing install in D__SpringBoot_Microservices_Project_microservices_catlog-services] INFO  o.eclipse.m2e.core.internal.Bundles - 	Entry: C:\STS\sts-4.22.0.RELEASE\plugins\org.eclipse.m2e.maven.runtime_3.9.600.20231203-1234\jars\plexus-sec-dispatcher-2.0.jar
2025-08-16 14:04:34,212 [Worker-90: Launching Executing install in D__SpringBoot_Microservices_Project_microservices_catlog-services] INFO  o.eclipse.m2e.core.internal.Bundles - 	Entry: C:\STS\sts-4.22.0.RELEASE\plugins\org.eclipse.m2e.maven.runtime_3.9.600.20231203-1234\jars\plexus-utils-3.5.1.jar
2025-08-16 14:04:34,213 [Worker-90: Launching Executing install in D__SpringBoot_Microservices_Project_microservices_catlog-services] INFO  o.eclipse.m2e.core.internal.Bundles - 	Entry: C:\STS\sts-4.22.0.RELEASE\plugins\org.eclipse.m2e.maven.runtime_3.9.600.20231203-1234\jars\wagon-file-3.5.3.jar
2025-08-16 14:04:34,216 [Worker-90: Launching Executing install in D__SpringBoot_Microservices_Project_microservices_catlog-services] INFO  o.eclipse.m2e.core.internal.Bundles - 	Entry: C:\STS\sts-4.22.0.RELEASE\plugins\org.eclipse.m2e.maven.runtime_3.9.600.20231203-1234\jars\wagon-http-3.5.3.jar
2025-08-16 14:04:34,218 [Worker-90: Launching Executing install in D__SpringBoot_Microservices_Project_microservices_catlog-services] INFO  o.eclipse.m2e.core.internal.Bundles - 	Entry: C:\STS\sts-4.22.0.RELEASE\plugins\org.eclipse.m2e.maven.runtime_3.9.600.20231203-1234\jars\wagon-http-shared-3.5.3.jar
2025-08-16 14:04:34,220 [Worker-90: Launching Executing install in D__SpringBoot_Microservices_Project_microservices_catlog-services] INFO  o.eclipse.m2e.core.internal.Bundles - 	Entry: C:\STS\sts-4.22.0.RELEASE\plugins\org.eclipse.m2e.maven.runtime_3.9.600.20231203-1234\jars\wagon-provider-api-3.5.3.jar
2025-08-16 14:04:34,237 [Worker-90: Launching Executing install in D__SpringBoot_Microservices_Project_microservices_catlog-services] INFO  o.eclipse.m2e.core.internal.Bundles - getClasspathEntries(Bundle=com.google.guava_33.0.0.jre [27])
2025-08-16 14:04:34,239 [Worker-90: Launching Executing install in D__SpringBoot_Microservices_Project_microservices_catlog-services] INFO  o.eclipse.m2e.core.internal.Bundles - 	Entry: C:\STS\sts-4.22.0.RELEASE\plugins\com.google.guava_33.0.0.jre.jar
2025-08-16 14:04:34,239 [Worker-90: Launching Executing install in D__SpringBoot_Microservices_Project_microservices_catlog-services] INFO  o.eclipse.m2e.core.internal.Bundles - getClasspathEntries(Bundle=slf4j.api_2.0.12 [583])
2025-08-16 14:04:34,241 [Worker-90: Launching Executing install in D__SpringBoot_Microservices_Project_microservices_catlog-services] INFO  o.eclipse.m2e.core.internal.Bundles - 	Entry: C:\STS\sts-4.22.0.RELEASE\plugins\slf4j.api_2.0.12.jar
2025-08-16 14:04:34,241 [Worker-90: Launching Executing install in D__SpringBoot_Microservices_Project_microservices_catlog-services] INFO  o.eclipse.m2e.core.internal.Bundles - getClasspathEntries(Bundle=jakarta.inject.jakarta.inject-api_1.0.5 [44])
2025-08-16 14:04:34,242 [Worker-90: Launching Executing install in D__SpringBoot_Microservices_Project_microservices_catlog-services] INFO  o.eclipse.m2e.core.internal.Bundles - 	Entry: C:\STS\sts-4.22.0.RELEASE\plugins\jakarta.inject.jakarta.inject-api_1.0.5.jar
2025-08-16 14:04:34,242 [Worker-90: Launching Executing install in D__SpringBoot_Microservices_Project_microservices_catlog-services] INFO  o.eclipse.m2e.core.internal.Bundles - getClasspathEntries(Bundle=jakarta.annotation-api_1.3.5 [40])
2025-08-16 14:04:34,243 [Worker-90: Launching Executing install in D__SpringBoot_Microservices_Project_microservices_catlog-services] INFO  o.eclipse.m2e.core.internal.Bundles - 	Entry: C:\STS\sts-4.22.0.RELEASE\plugins\jakarta.annotation-api_1.3.5.jar
2025-08-16 14:04:34,243 [Worker-90: Launching Executing install in D__SpringBoot_Microservices_Project_microservices_catlog-services] INFO  o.eclipse.m2e.core.internal.Bundles - getClasspathEntries(Bundle=org.apache.commons.cli_1.6.0 [75])
2025-08-16 14:04:34,244 [Worker-90: Launching Executing install in D__SpringBoot_Microservices_Project_microservices_catlog-services] INFO  o.eclipse.m2e.core.internal.Bundles - 	Entry: C:\STS\sts-4.22.0.RELEASE\plugins\org.apache.commons.cli_1.6.0.jar
2025-08-16 14:04:34,244 [Worker-90: Launching Executing install in D__SpringBoot_Microservices_Project_microservices_catlog-services] INFO  o.eclipse.m2e.core.internal.Bundles - getClasspathEntries(Bundle=org.apache.commons.commons-codec_1.16.0 [77])
2025-08-16 14:04:34,245 [Worker-90: Launching Executing install in D__SpringBoot_Microservices_Project_microservices_catlog-services] INFO  o.eclipse.m2e.core.internal.Bundles - 	Entry: C:\STS\sts-4.22.0.RELEASE\plugins\org.apache.commons.commons-codec_1.16.0.jar
2025-08-16 14:04:34,245 [Worker-90: Launching Executing install in D__SpringBoot_Microservices_Project_microservices_catlog-services] INFO  o.eclipse.m2e.core.internal.Bundles - getClasspathEntries(Bundle=org.apache.commons.lang3_3.14.0 [81])
2025-08-16 14:04:34,245 [Worker-90: Launching Executing install in D__SpringBoot_Microservices_Project_microservices_catlog-services] INFO  o.eclipse.m2e.core.internal.Bundles - 	Entry: C:\STS\sts-4.22.0.RELEASE\plugins\org.apache.commons.lang3_3.14.0.jar
2025-08-16 14:04:34,245 [Worker-90: Launching Executing install in D__SpringBoot_Microservices_Project_microservices_catlog-services] INFO  o.eclipse.m2e.core.internal.Bundles - getClasspathEntries(Bundle=com.google.guava.failureaccess_1.0.2 [29])
2025-08-16 14:04:34,246 [Worker-90: Launching Executing install in D__SpringBoot_Microservices_Project_microservices_catlog-services] INFO  o.eclipse.m2e.core.internal.Bundles - 	Entry: C:\STS\sts-4.22.0.RELEASE\plugins\com.google.guava.failureaccess_1.0.2.jar
2025-08-16 14:04:34,258 [Worker-90: Launching Executing install in D__SpringBoot_Microservices_Project_microservices_catlog-services] INFO  o.e.m.i.launch.MavenLaunchDelegate - Run build in "D:\SpringBoot_Microservices_Project\microservices\catlog-services":
2025-08-16 14:04:34,259 [Worker-90: Launching Executing install in D__SpringBoot_Microservices_Project_microservices_catlog-services] INFO  o.e.m.i.launch.MavenLaunchDelegate -  mvn  -B -Dstyle.color=always install
2025-08-16 14:11:03,446 [Worker-91: Launching CatlogServicesApplicationTests] ERROR o.e.m.c.i.URLConnectionCaches - Unexpected URLConnection defaultUseCaches enabled
2025-08-16 14:11:06,708 [Worker-91: Launching CatlogServicesApplicationTests] INFO  o.e.m.c.i.l.LifecycleMappingFactory - Using org.eclipse.m2e.jdt.JarLifecycleMapping lifecycle mapping for MavenProject: com.demo:catlog-services:0.0.1-SNAPSHOT @ D:\SpringBoot_Microservices_Project\microservices\catlog-services\pom.xml.
2025-08-16 14:11:17,937 [Worker-91: Launching CatlogServicesApplicationTests] ERROR o.e.m.c.i.URLConnectionCaches - Unexpected URLConnection defaultUseCaches enabled
2025-08-16 14:11:18,831 [Worker-98: Download sources and javadoc] INFO  o.e.m.c.i.e.AbstractTransferListenerAdapter - Downloading https://repo.maven.apache.org/maven2/io/rest-assured/rest-assured/5.5.5/rest-assured-5.5.5-sources.jar
2025-08-16 14:11:19,002 [Worker-98: Download sources and javadoc] INFO  o.e.m.c.i.e.AbstractTransferListenerAdapter - Downloaded https://repo.maven.apache.org/maven2/io/rest-assured/rest-assured/5.5.5/rest-assured-5.5.5-sources.jar
2025-08-16 14:11:19,014 [Worker-98: Download sources and javadoc] INFO  o.e.m.j.internal.DownloadSourcesJob - Downloaded sources for io.rest-assured:rest-assured:5.5.5
2025-08-16 14:11:19,087 [Worker-98: Download sources and javadoc] INFO  o.e.m.c.i.e.AbstractTransferListenerAdapter - Downloading https://repo.maven.apache.org/maven2/org/apache/groovy/groovy/4.0.28/groovy-4.0.28-sources.jar
2025-08-16 14:11:19,157 [Worker-91: Launching CatlogServicesApplicationTests] INFO  o.e.m.c.i.embedder.EclipseLogger - dotGitDirectory 'D:\SpringBoot_Microservices_Project\microservices\catlog-services\.git'
2025-08-16 14:11:19,482 [Worker-98: Download sources and javadoc] INFO  o.e.m.c.i.e.AbstractTransferListenerAdapter - Downloaded https://repo.maven.apache.org/maven2/org/apache/groovy/groovy/4.0.28/groovy-4.0.28-sources.jar
2025-08-16 14:11:19,496 [Worker-98: Download sources and javadoc] INFO  o.e.m.j.internal.DownloadSourcesJob - Downloaded sources for org.apache.groovy:groovy:4.0.28
2025-08-16 14:11:19,580 [Worker-98: Download sources and javadoc] INFO  o.e.m.c.i.e.AbstractTransferListenerAdapter - Downloading https://repo.maven.apache.org/maven2/org/apache/groovy/groovy-xml/4.0.28/groovy-xml-4.0.28-sources.jar
2025-08-16 14:11:19,729 [Worker-98: Download sources and javadoc] INFO  o.e.m.c.i.e.AbstractTransferListenerAdapter - Downloaded https://repo.maven.apache.org/maven2/org/apache/groovy/groovy-xml/4.0.28/groovy-xml-4.0.28-sources.jar
2025-08-16 14:11:19,744 [Worker-98: Download sources and javadoc] INFO  o.e.m.j.internal.DownloadSourcesJob - Downloaded sources for org.apache.groovy:groovy-xml:4.0.28
2025-08-16 14:11:19,827 [Worker-98: Download sources and javadoc] INFO  o.e.m.c.i.e.AbstractTransferListenerAdapter - Downloading https://repo.maven.apache.org/maven2/commons-codec/commons-codec/1.18.0/commons-codec-1.18.0-sources.jar
2025-08-16 14:11:20,003 [Worker-98: Download sources and javadoc] INFO  o.e.m.c.i.e.AbstractTransferListenerAdapter - Downloaded https://repo.maven.apache.org/maven2/commons-codec/commons-codec/1.18.0/commons-codec-1.18.0-sources.jar
2025-08-16 14:11:20,019 [Worker-98: Download sources and javadoc] INFO  o.e.m.j.internal.DownloadSourcesJob - Downloaded sources for commons-codec:commons-codec:1.18.0
2025-08-16 14:11:20,116 [Worker-98: Download sources and javadoc] INFO  o.e.m.c.i.e.AbstractTransferListenerAdapter - Downloading https://repo.maven.apache.org/maven2/org/apache/httpcomponents/httpmime/4.5.13/httpmime-4.5.13-sources.jar
2025-08-16 14:11:22,179 [Worker-98: Download sources and javadoc] INFO  o.e.m.c.i.e.AbstractTransferListenerAdapter - Downloaded https://repo.maven.apache.org/maven2/org/apache/httpcomponents/httpmime/4.5.13/httpmime-4.5.13-sources.jar
2025-08-16 14:11:22,199 [Worker-98: Download sources and javadoc] INFO  o.e.m.j.internal.DownloadSourcesJob - Downloaded sources for org.apache.httpcomponents:httpmime:4.5.13
2025-08-16 14:11:22,323 [Worker-98: Download sources and javadoc] INFO  o.e.m.c.i.e.AbstractTransferListenerAdapter - Downloading https://repo.maven.apache.org/maven2/org/ccil/cowan/tagsoup/tagsoup/1.2.1/tagsoup-1.2.1-sources.jar
2025-08-16 14:11:22,433 [Worker-98: Download sources and javadoc] INFO  o.e.m.c.i.e.AbstractTransferListenerAdapter - Downloaded https://repo.maven.apache.org/maven2/org/ccil/cowan/tagsoup/tagsoup/1.2.1/tagsoup-1.2.1-sources.jar
2025-08-16 14:11:22,452 [Worker-98: Download sources and javadoc] INFO  o.e.m.j.internal.DownloadSourcesJob - Downloaded sources for org.ccil.cowan.tagsoup:tagsoup:1.2.1
2025-08-16 14:11:22,556 [Worker-98: Download sources and javadoc] INFO  o.e.m.c.i.e.AbstractTransferListenerAdapter - Downloading https://repo.maven.apache.org/maven2/io/rest-assured/json-path/5.5.5/json-path-5.5.5-sources.jar
2025-08-16 14:11:24,168 [Worker-98: Download sources and javadoc] INFO  o.e.m.c.i.e.AbstractTransferListenerAdapter - Downloaded https://repo.maven.apache.org/maven2/io/rest-assured/json-path/5.5.5/json-path-5.5.5-sources.jar
2025-08-16 14:11:24,182 [Worker-98: Download sources and javadoc] INFO  o.e.m.j.internal.DownloadSourcesJob - Downloaded sources for io.rest-assured:json-path:5.5.5
2025-08-16 14:11:24,357 [Worker-98: Download sources and javadoc] INFO  o.e.m.c.i.e.AbstractTransferListenerAdapter - Downloading https://repo.maven.apache.org/maven2/org/apache/groovy/groovy-json/4.0.28/groovy-json-4.0.28-sources.jar
2025-08-16 14:11:24,471 [Worker-98: Download sources and javadoc] INFO  o.e.m.c.i.e.AbstractTransferListenerAdapter - Downloaded https://repo.maven.apache.org/maven2/org/apache/groovy/groovy-json/4.0.28/groovy-json-4.0.28-sources.jar
2025-08-16 14:11:24,486 [Worker-98: Download sources and javadoc] INFO  o.e.m.j.internal.DownloadSourcesJob - Downloaded sources for org.apache.groovy:groovy-json:4.0.28
2025-08-16 14:11:24,580 [Worker-98: Download sources and javadoc] INFO  o.e.m.c.i.e.AbstractTransferListenerAdapter - Downloading https://repo.maven.apache.org/maven2/io/rest-assured/rest-assured-common/5.5.5/rest-assured-common-5.5.5-sources.jar
2025-08-16 14:11:26,067 [Worker-98: Download sources and javadoc] INFO  o.e.m.c.i.e.AbstractTransferListenerAdapter - Downloaded https://repo.maven.apache.org/maven2/io/rest-assured/rest-assured-common/5.5.5/rest-assured-common-5.5.5-sources.jar
2025-08-16 14:11:26,086 [Worker-98: Download sources and javadoc] INFO  o.e.m.j.internal.DownloadSourcesJob - Downloaded sources for io.rest-assured:rest-assured-common:5.5.5
2025-08-16 14:11:26,188 [Worker-98: Download sources and javadoc] INFO  o.e.m.c.i.e.AbstractTransferListenerAdapter - Downloading https://repo.maven.apache.org/maven2/io/rest-assured/xml-path/5.5.5/xml-path-5.5.5-sources.jar
2025-08-16 14:11:27,946 [Worker-98: Download sources and javadoc] INFO  o.e.m.c.i.e.AbstractTransferListenerAdapter - Downloaded https://repo.maven.apache.org/maven2/io/rest-assured/xml-path/5.5.5/xml-path-5.5.5-sources.jar
2025-08-16 14:11:27,962 [Worker-98: Download sources and javadoc] INFO  o.e.m.j.internal.DownloadSourcesJob - Downloaded sources for io.rest-assured:xml-path:5.5.5
2025-08-16 14:11:28,686 [Worker-91: Launching CatlogServicesApplicationTests] INFO  o.e.m.c.i.embedder.EclipseLogger - Collected git.build.user.name with value AjayGaneshram
2025-08-16 14:11:28,707 [Worker-91: Launching CatlogServicesApplicationTests] INFO  o.e.m.c.i.embedder.EclipseLogger - Collected git.build.user.email with value 95750604+AjayGaneshram@users.noreply.github.com
2025-08-16 14:11:29,022 [Worker-91: Launching CatlogServicesApplicationTests] INFO  o.e.m.c.i.embedder.EclipseLogger - Collected git.branch with value main
2025-08-16 14:11:29,431 [Worker-91: Launching CatlogServicesApplicationTests] INFO  o.e.m.c.i.embedder.EclipseLogger - Collected git.commit.id.describe with value 8ca81a8-dirty
2025-08-16 14:11:29,433 [Worker-91: Launching CatlogServicesApplicationTests] INFO  o.e.m.c.i.embedder.EclipseLogger - Collected git.commit.id.describe-short with value 8ca81a8-dirty
2025-08-16 14:11:29,436 [Worker-91: Launching CatlogServicesApplicationTests] INFO  o.e.m.c.i.embedder.EclipseLogger - Collected git.commit.id with value 8ca81a8182aa51ba9f19dee884a322d2fb83a123
2025-08-16 14:11:29,439 [Worker-91: Launching CatlogServicesApplicationTests] INFO  o.e.m.c.i.embedder.EclipseLogger - Collected git.commit.id.abbrev with value 8ca81a8
2025-08-16 14:11:29,482 [Worker-91: Launching CatlogServicesApplicationTests] INFO  o.e.m.c.i.embedder.EclipseLogger - Collected git.dirty with value true
2025-08-16 14:11:29,489 [Worker-91: Launching CatlogServicesApplicationTests] INFO  o.e.m.c.i.embedder.EclipseLogger - Collected git.commit.user.name with value AjayGaneshram
2025-08-16 14:11:29,491 [Worker-91: Launching CatlogServicesApplicationTests] INFO  o.e.m.c.i.embedder.EclipseLogger - Collected git.commit.user.email with value 95750604+AjayGaneshram@users.noreply.github.com
2025-08-16 14:11:29,492 [Worker-91: Launching CatlogServicesApplicationTests] INFO  o.e.m.c.i.embedder.EclipseLogger - Collected git.commit.message.full with value Merge branch 'main' of https://github.com/AjayGaneshram/SpringBoot_Miroservices
2025-08-16 14:11:29,493 [Worker-91: Launching CatlogServicesApplicationTests] INFO  o.e.m.c.i.embedder.EclipseLogger - Collected git.commit.message.short with value Merge branch 'main' of https://github.com/AjayGaneshram/SpringBoot_Miroservices
2025-08-16 14:11:29,495 [Worker-91: Launching CatlogServicesApplicationTests] INFO  o.e.m.c.i.embedder.EclipseLogger - Collected git.commit.time with value 2025-08-16T12:47:36+05:30
2025-08-16 14:11:29,496 [Worker-91: Launching CatlogServicesApplicationTests] INFO  o.e.m.c.i.embedder.EclipseLogger - Collected git.commit.author.time with value 2025-08-16T12:47:36+05:30
2025-08-16 14:11:29,497 [Worker-91: Launching CatlogServicesApplicationTests] INFO  o.e.m.c.i.embedder.EclipseLogger - Collected git.commit.committer.time with value 2025-08-16T12:47:36+05:30
2025-08-16 14:11:29,502 [Worker-91: Launching CatlogServicesApplicationTests] INFO  o.e.m.c.i.embedder.EclipseLogger - Collected git.remote.origin.url with value https://github.com/AjayGaneshram/SpringBoot_Miroservices.git
2025-08-16 14:11:29,517 [Worker-91: Launching CatlogServicesApplicationTests] INFO  o.e.m.c.i.embedder.EclipseLogger - Collected git.tags with value 
2025-08-16 14:11:29,529 [Worker-91: Launching CatlogServicesApplicationTests] INFO  o.e.m.c.i.embedder.EclipseLogger - Collected git.tag with value 
2025-08-16 14:11:29,550 [Worker-91: Launching CatlogServicesApplicationTests] INFO  o.e.m.c.i.embedder.EclipseLogger - Collected git.closest.tag.name with value 
2025-08-16 14:11:29,571 [Worker-91: Launching CatlogServicesApplicationTests] INFO  o.e.m.c.i.embedder.EclipseLogger - Collected git.closest.tag.commit.count with value 
2025-08-16 14:11:29,580 [Worker-91: Launching CatlogServicesApplicationTests] INFO  o.e.m.c.i.embedder.EclipseLogger - Collected git.total.commit.count with value 3
2025-08-16 14:11:29,655 [Worker-91: Launching CatlogServicesApplicationTests] INFO  o.e.m.c.i.embedder.EclipseLogger - Collected git.local.branch.ahead with value 0
2025-08-16 14:11:29,656 [Worker-91: Launching CatlogServicesApplicationTests] INFO  o.e.m.c.i.embedder.EclipseLogger - Collected git.local.branch.behind with value 0
2025-08-16 14:11:29,676 [Worker-91: Launching CatlogServicesApplicationTests] INFO  o.e.m.c.i.embedder.EclipseLogger - Collected git.build.time with value 2025-08-16T14:11:29+05:30
2025-08-16 14:11:29,676 [Worker-91: Launching CatlogServicesApplicationTests] INFO  o.e.m.c.i.embedder.EclipseLogger - Collected git.build.version with value 0.0.1-SNAPSHOT
2025-08-16 14:11:29,688 [Worker-91: Launching CatlogServicesApplicationTests] INFO  o.e.m.c.i.embedder.EclipseLogger - Collected git.build.host with value DESKTOP-FTN7TA0
2025-08-16 14:11:29,695 [Worker-91: Launching CatlogServicesApplicationTests] INFO  o.e.m.c.i.embedder.EclipseLogger - including property 'git.tags' in results
2025-08-16 14:11:29,695 [Worker-91: Launching CatlogServicesApplicationTests] INFO  o.e.m.c.i.embedder.EclipseLogger - including property 'git.build.version' in results
2025-08-16 14:11:29,695 [Worker-91: Launching CatlogServicesApplicationTests] INFO  o.e.m.c.i.embedder.EclipseLogger - including property 'git.branch' in results
2025-08-16 14:11:29,695 [Worker-91: Launching CatlogServicesApplicationTests] INFO  o.e.m.c.i.embedder.EclipseLogger - including property 'git.build.host' in results
2025-08-16 14:11:29,695 [Worker-91: Launching CatlogServicesApplicationTests] INFO  o.e.m.c.i.embedder.EclipseLogger - including property 'git.commit.id' in results
2025-08-16 14:11:29,695 [Worker-91: Launching CatlogServicesApplicationTests] INFO  o.e.m.c.i.embedder.EclipseLogger - including property 'git.commit.user.email' in results
2025-08-16 14:11:29,695 [Worker-91: Launching CatlogServicesApplicationTests] INFO  o.e.m.c.i.embedder.EclipseLogger - including property 'git.local.branch.behind' in results
2025-08-16 14:11:29,695 [Worker-91: Launching CatlogServicesApplicationTests] INFO  o.e.m.c.i.embedder.EclipseLogger - including property 'git.commit.author.time' in results
2025-08-16 14:11:29,695 [Worker-91: Launching CatlogServicesApplicationTests] INFO  o.e.m.c.i.embedder.EclipseLogger - including property 'git.build.user.name' in results
2025-08-16 14:11:29,695 [Worker-91: Launching CatlogServicesApplicationTests] INFO  o.e.m.c.i.embedder.EclipseLogger - including property 'git.dirty' in results
2025-08-16 14:11:29,695 [Worker-91: Launching CatlogServicesApplicationTests] INFO  o.e.m.c.i.embedder.EclipseLogger - including property 'git.closest.tag.commit.count' in results
2025-08-16 14:11:29,695 [Worker-91: Launching CatlogServicesApplicationTests] INFO  o.e.m.c.i.embedder.EclipseLogger - including property 'git.commit.user.name' in results
2025-08-16 14:11:29,695 [Worker-91: Launching CatlogServicesApplicationTests] INFO  o.e.m.c.i.embedder.EclipseLogger - including property 'git.commit.id.abbrev' in results
2025-08-16 14:11:29,695 [Worker-91: Launching CatlogServicesApplicationTests] INFO  o.e.m.c.i.embedder.EclipseLogger - including property 'git.commit.id.describe-short' in results
2025-08-16 14:11:29,695 [Worker-91: Launching CatlogServicesApplicationTests] INFO  o.e.m.c.i.embedder.EclipseLogger - including property 'git.total.commit.count' in results
2025-08-16 14:11:29,695 [Worker-91: Launching CatlogServicesApplicationTests] INFO  o.e.m.c.i.embedder.EclipseLogger - including property 'git.commit.id.describe' in results
2025-08-16 14:11:29,695 [Worker-91: Launching CatlogServicesApplicationTests] INFO  o.e.m.c.i.embedder.EclipseLogger - including property 'git.build.user.email' in results
2025-08-16 14:11:29,696 [Worker-91: Launching CatlogServicesApplicationTests] INFO  o.e.m.c.i.embedder.EclipseLogger - including property 'git.commit.message.short' in results
2025-08-16 14:11:29,696 [Worker-91: Launching CatlogServicesApplicationTests] INFO  o.e.m.c.i.embedder.EclipseLogger - including property 'git.commit.committer.time' in results
2025-08-16 14:11:29,696 [Worker-91: Launching CatlogServicesApplicationTests] INFO  o.e.m.c.i.embedder.EclipseLogger - including property 'git.tag' in results
2025-08-16 14:11:29,697 [Worker-91: Launching CatlogServicesApplicationTests] INFO  o.e.m.c.i.embedder.EclipseLogger - including property 'git.closest.tag.name' in results
2025-08-16 14:11:29,697 [Worker-91: Launching CatlogServicesApplicationTests] INFO  o.e.m.c.i.embedder.EclipseLogger - including property 'git.local.branch.ahead' in results
2025-08-16 14:11:29,697 [Worker-91: Launching CatlogServicesApplicationTests] INFO  o.e.m.c.i.embedder.EclipseLogger - including property 'git.commit.time' in results
2025-08-16 14:11:29,697 [Worker-91: Launching CatlogServicesApplicationTests] INFO  o.e.m.c.i.embedder.EclipseLogger - including property 'git.build.time' in results
2025-08-16 14:11:29,697 [Worker-91: Launching CatlogServicesApplicationTests] INFO  o.e.m.c.i.embedder.EclipseLogger - including property 'git.commit.message.full' in results
2025-08-16 14:11:29,697 [Worker-91: Launching CatlogServicesApplicationTests] INFO  o.e.m.c.i.embedder.EclipseLogger - including property 'git.remote.origin.url' in results
2025-08-16 14:11:29,707 [Worker-91: Launching CatlogServicesApplicationTests] INFO  o.e.m.c.i.embedder.EclipseLogger - Writing properties file [D:\SpringBoot_Microservices_Project\microservices\catlog-services\target\classes\git.properties] (for project catlog-services)...
2025-08-16 14:11:31,662 [Worker-91: Launching CatlogServicesApplicationTests] INFO  o.a.m.s.f.DefaultMavenResourcesFiltering - Copying 1 resource from src\main\resources to target\classes
2025-08-16 14:11:31,788 [Worker-91: Launching CatlogServicesApplicationTests] INFO  o.a.m.s.f.DefaultMavenResourcesFiltering - Copying 0 resource from src\main\resources to target\classes
2025-08-16 14:11:44,285 [Worker-91: Launching CatlogServicesApplicationTests] INFO  o.e.m.c.i.embedder.EclipseLogger - Spotless.Java is keeping 5 files clean - 1 needs changes to be clean, 4 were already clean, 0 were skipped because caching determined they were already clean
2025-08-16 14:11:44,529 [Worker-91: Launching CatlogServicesApplicationTests] INFO  o.a.m.s.f.DefaultMavenResourcesFiltering - skip non existing resourceDirectory D:\SpringBoot_Microservices_Project\microservices\catlog-services\src\test\resources
2025-08-16 14:11:48,490 [Worker-99: Updating Maven Project] INFO  o.e.m.c.i.p.ProjectConfigurationManager - Update started
2025-08-16 14:11:48,610 [Worker-99: Updating Maven Project] ERROR o.e.m.c.i.URLConnectionCaches - Unexpected URLConnection defaultUseCaches enabled
2025-08-16 14:11:55,899 [Worker-99: Updating Maven Project] INFO  o.e.m.c.i.l.LifecycleMappingFactory - Using org.eclipse.m2e.jdt.JarLifecycleMapping lifecycle mapping for MavenProject: com.demo:catlog-services:0.0.1-SNAPSHOT @ D:\SpringBoot_Microservices_Project\microservices\catlog-services\pom.xml.
2025-08-16 14:12:02,347 [Worker-99: Updating Maven Project] ERROR o.e.m.c.i.URLConnectionCaches - Unexpected URLConnection defaultUseCaches enabled
2025-08-16 14:12:02,467 [Worker-99: Updating Maven Project] INFO  o.e.m.j.i.AbstractJavaProjectConfigurator - Adding source folder /catlog-services/src/main/java
2025-08-16 14:12:02,468 [Worker-99: Updating Maven Project] INFO  o.e.m.j.i.AbstractJavaProjectConfigurator - Adding resource folder /catlog-services/src/main/resources
2025-08-16 14:12:02,470 [Worker-99: Updating Maven Project] INFO  o.e.m.j.i.AbstractJavaProjectConfigurator - Adding resource folder /catlog-services/src/main/resources
2025-08-16 14:12:02,471 [Worker-99: Updating Maven Project] INFO  o.e.m.j.i.AbstractJavaProjectConfigurator - Adding source folder /catlog-services/src/test/java
2025-08-16 14:12:02,473 [Worker-99: Updating Maven Project] INFO  o.e.m.j.i.AbstractJavaProjectConfigurator - Adding resource folder /catlog-services/src/test/resources
2025-08-16 14:12:07,241 [Worker-99: Updating Maven Project] INFO  o.e.m.c.i.p.ProjectConfigurationManager - Update completed for 1 poms: local refresh takes 0.00 sec, refresh facades takes 13.00 sec, update config takes 4.00 sec 
2025-08-16 14:18:50,734 [Worker-100: Launching CatlogServicesApplicationTests] ERROR o.e.m.c.i.URLConnectionCaches - Unexpected URLConnection defaultUseCaches enabled
2025-08-16 14:18:51,983 [Worker-100: Launching CatlogServicesApplicationTests] INFO  o.e.m.c.i.embedder.EclipseLogger - dotGitDirectory 'D:\SpringBoot_Microservices_Project\microservices\catlog-services\.git'
2025-08-16 14:18:59,130 [Worker-100: Launching CatlogServicesApplicationTests] INFO  o.e.m.c.i.embedder.EclipseLogger - Collected git.build.user.name with value AjayGaneshram
2025-08-16 14:18:59,136 [Worker-100: Launching CatlogServicesApplicationTests] INFO  o.e.m.c.i.embedder.EclipseLogger - Collected git.build.user.email with value 95750604+AjayGaneshram@users.noreply.github.com
2025-08-16 14:18:59,253 [Worker-100: Launching CatlogServicesApplicationTests] INFO  o.e.m.c.i.embedder.EclipseLogger - Collected git.branch with value main
2025-08-16 14:18:59,875 [Worker-100: Launching CatlogServicesApplicationTests] INFO  o.e.m.c.i.embedder.EclipseLogger - Collected git.commit.id.describe with value 8ca81a8-dirty
2025-08-16 14:18:59,880 [Worker-100: Launching CatlogServicesApplicationTests] INFO  o.e.m.c.i.embedder.EclipseLogger - Collected git.commit.id.describe-short with value 8ca81a8-dirty
2025-08-16 14:18:59,883 [Worker-100: Launching CatlogServicesApplicationTests] INFO  o.e.m.c.i.embedder.EclipseLogger - Collected git.commit.id with value 8ca81a8182aa51ba9f19dee884a322d2fb83a123
2025-08-16 14:18:59,884 [Worker-100: Launching CatlogServicesApplicationTests] INFO  o.e.m.c.i.embedder.EclipseLogger - Collected git.commit.id.abbrev with value 8ca81a8
2025-08-16 14:18:59,945 [Worker-100: Launching CatlogServicesApplicationTests] INFO  o.e.m.c.i.embedder.EclipseLogger - Collected git.dirty with value true
2025-08-16 14:18:59,953 [Worker-100: Launching CatlogServicesApplicationTests] INFO  o.e.m.c.i.embedder.EclipseLogger - Collected git.commit.user.name with value AjayGaneshram
2025-08-16 14:18:59,955 [Worker-100: Launching CatlogServicesApplicationTests] INFO  o.e.m.c.i.embedder.EclipseLogger - Collected git.commit.user.email with value 95750604+AjayGaneshram@users.noreply.github.com
2025-08-16 14:18:59,957 [Worker-100: Launching CatlogServicesApplicationTests] INFO  o.e.m.c.i.embedder.EclipseLogger - Collected git.commit.message.full with value Merge branch 'main' of https://github.com/AjayGaneshram/SpringBoot_Miroservices
2025-08-16 14:18:59,960 [Worker-100: Launching CatlogServicesApplicationTests] INFO  o.e.m.c.i.embedder.EclipseLogger - Collected git.commit.message.short with value Merge branch 'main' of https://github.com/AjayGaneshram/SpringBoot_Miroservices
2025-08-16 14:18:59,976 [Worker-100: Launching CatlogServicesApplicationTests] INFO  o.e.m.c.i.embedder.EclipseLogger - Collected git.commit.time with value 2025-08-16T12:47:36+05:30
2025-08-16 14:18:59,979 [Worker-100: Launching CatlogServicesApplicationTests] INFO  o.e.m.c.i.embedder.EclipseLogger - Collected git.commit.author.time with value 2025-08-16T12:47:36+05:30
2025-08-16 14:18:59,981 [Worker-100: Launching CatlogServicesApplicationTests] INFO  o.e.m.c.i.embedder.EclipseLogger - Collected git.commit.committer.time with value 2025-08-16T12:47:36+05:30
2025-08-16 14:18:59,989 [Worker-100: Launching CatlogServicesApplicationTests] INFO  o.e.m.c.i.embedder.EclipseLogger - Collected git.remote.origin.url with value https://github.com/AjayGaneshram/SpringBoot_Miroservices.git
2025-08-16 14:19:00,004 [Worker-100: Launching CatlogServicesApplicationTests] INFO  o.e.m.c.i.embedder.EclipseLogger - Collected git.tags with value 
2025-08-16 14:19:00,015 [Worker-100: Launching CatlogServicesApplicationTests] INFO  o.e.m.c.i.embedder.EclipseLogger - Collected git.tag with value 
2025-08-16 14:19:00,034 [Worker-100: Launching CatlogServicesApplicationTests] INFO  o.e.m.c.i.embedder.EclipseLogger - Collected git.closest.tag.name with value 
2025-08-16 14:19:00,066 [Worker-100: Launching CatlogServicesApplicationTests] INFO  o.e.m.c.i.embedder.EclipseLogger - Collected git.closest.tag.commit.count with value 
2025-08-16 14:19:00,088 [Worker-100: Launching CatlogServicesApplicationTests] INFO  o.e.m.c.i.embedder.EclipseLogger - Collected git.total.commit.count with value 3
2025-08-16 14:19:00,199 [Worker-100: Launching CatlogServicesApplicationTests] INFO  o.e.m.c.i.embedder.EclipseLogger - Collected git.local.branch.ahead with value 0
2025-08-16 14:19:00,203 [Worker-100: Launching CatlogServicesApplicationTests] INFO  o.e.m.c.i.embedder.EclipseLogger - Collected git.local.branch.behind with value 0
2025-08-16 14:19:00,262 [Worker-100: Launching CatlogServicesApplicationTests] INFO  o.e.m.c.i.embedder.EclipseLogger - Collected git.build.time with value 2025-08-16T14:19:00+05:30
2025-08-16 14:19:00,264 [Worker-100: Launching CatlogServicesApplicationTests] INFO  o.e.m.c.i.embedder.EclipseLogger - Collected git.build.version with value 0.0.1-SNAPSHOT
2025-08-16 14:19:00,283 [Worker-100: Launching CatlogServicesApplicationTests] INFO  o.e.m.c.i.embedder.EclipseLogger - Collected git.build.host with value DESKTOP-FTN7TA0
2025-08-16 14:19:00,311 [Worker-100: Launching CatlogServicesApplicationTests] INFO  o.e.m.c.i.embedder.EclipseLogger - including property 'git.tags' in results
2025-08-16 14:19:00,311 [Worker-100: Launching CatlogServicesApplicationTests] INFO  o.e.m.c.i.embedder.EclipseLogger - including property 'git.build.version' in results
2025-08-16 14:19:00,311 [Worker-100: Launching CatlogServicesApplicationTests] INFO  o.e.m.c.i.embedder.EclipseLogger - including property 'git.branch' in results
2025-08-16 14:19:00,311 [Worker-100: Launching CatlogServicesApplicationTests] INFO  o.e.m.c.i.embedder.EclipseLogger - including property 'git.build.host' in results
2025-08-16 14:19:00,312 [Worker-100: Launching CatlogServicesApplicationTests] INFO  o.e.m.c.i.embedder.EclipseLogger - including property 'git.commit.id' in results
2025-08-16 14:19:00,312 [Worker-100: Launching CatlogServicesApplicationTests] INFO  o.e.m.c.i.embedder.EclipseLogger - including property 'git.commit.user.email' in results
2025-08-16 14:19:00,312 [Worker-100: Launching CatlogServicesApplicationTests] INFO  o.e.m.c.i.embedder.EclipseLogger - including property 'git.local.branch.behind' in results
2025-08-16 14:19:00,312 [Worker-100: Launching CatlogServicesApplicationTests] INFO  o.e.m.c.i.embedder.EclipseLogger - including property 'git.commit.author.time' in results
2025-08-16 14:19:00,312 [Worker-100: Launching CatlogServicesApplicationTests] INFO  o.e.m.c.i.embedder.EclipseLogger - including property 'git.build.user.name' in results
2025-08-16 14:19:00,312 [Worker-100: Launching CatlogServicesApplicationTests] INFO  o.e.m.c.i.embedder.EclipseLogger - including property 'git.dirty' in results
2025-08-16 14:19:00,312 [Worker-100: Launching CatlogServicesApplicationTests] INFO  o.e.m.c.i.embedder.EclipseLogger - including property 'git.closest.tag.commit.count' in results
2025-08-16 14:19:00,312 [Worker-100: Launching CatlogServicesApplicationTests] INFO  o.e.m.c.i.embedder.EclipseLogger - including property 'git.commit.user.name' in results
2025-08-16 14:19:00,312 [Worker-100: Launching CatlogServicesApplicationTests] INFO  o.e.m.c.i.embedder.EclipseLogger - including property 'git.commit.id.abbrev' in results
2025-08-16 14:19:00,312 [Worker-100: Launching CatlogServicesApplicationTests] INFO  o.e.m.c.i.embedder.EclipseLogger - including property 'git.commit.id.describe-short' in results
2025-08-16 14:19:00,313 [Worker-100: Launching CatlogServicesApplicationTests] INFO  o.e.m.c.i.embedder.EclipseLogger - including property 'git.total.commit.count' in results
2025-08-16 14:19:00,313 [Worker-100: Launching CatlogServicesApplicationTests] INFO  o.e.m.c.i.embedder.EclipseLogger - including property 'git.commit.id.describe' in results
2025-08-16 14:19:00,313 [Worker-100: Launching CatlogServicesApplicationTests] INFO  o.e.m.c.i.embedder.EclipseLogger - including property 'git.build.user.email' in results
2025-08-16 14:19:00,313 [Worker-100: Launching CatlogServicesApplicationTests] INFO  o.e.m.c.i.embedder.EclipseLogger - including property 'git.commit.message.short' in results
2025-08-16 14:19:00,314 [Worker-100: Launching CatlogServicesApplicationTests] INFO  o.e.m.c.i.embedder.EclipseLogger - including property 'git.commit.committer.time' in results
2025-08-16 14:19:00,314 [Worker-100: Launching CatlogServicesApplicationTests] INFO  o.e.m.c.i.embedder.EclipseLogger - including property 'git.tag' in results
2025-08-16 14:19:00,315 [Worker-100: Launching CatlogServicesApplicationTests] INFO  o.e.m.c.i.embedder.EclipseLogger - including property 'git.closest.tag.name' in results
2025-08-16 14:19:00,315 [Worker-100: Launching CatlogServicesApplicationTests] INFO  o.e.m.c.i.embedder.EclipseLogger - including property 'git.local.branch.ahead' in results
2025-08-16 14:19:00,315 [Worker-100: Launching CatlogServicesApplicationTests] INFO  o.e.m.c.i.embedder.EclipseLogger - including property 'git.commit.time' in results
2025-08-16 14:19:00,315 [Worker-100: Launching CatlogServicesApplicationTests] INFO  o.e.m.c.i.embedder.EclipseLogger - including property 'git.build.time' in results
2025-08-16 14:19:00,315 [Worker-100: Launching CatlogServicesApplicationTests] INFO  o.e.m.c.i.embedder.EclipseLogger - including property 'git.commit.message.full' in results
2025-08-16 14:19:00,315 [Worker-100: Launching CatlogServicesApplicationTests] INFO  o.e.m.c.i.embedder.EclipseLogger - including property 'git.remote.origin.url' in results
2025-08-16 14:19:00,328 [Worker-100: Launching CatlogServicesApplicationTests] INFO  o.e.m.c.i.embedder.EclipseLogger - Writing properties file [D:\SpringBoot_Microservices_Project\microservices\catlog-services\target\classes\git.properties] (for project catlog-services)...
2025-08-16 14:19:04,284 [Worker-100: Launching CatlogServicesApplicationTests] INFO  o.a.m.s.f.DefaultMavenResourcesFiltering - Copying 1 resource from src\main\resources to target\classes
2025-08-16 14:19:04,421 [Worker-100: Launching CatlogServicesApplicationTests] INFO  o.a.m.s.f.DefaultMavenResourcesFiltering - Copying 0 resource from src\main\resources to target\classes
2025-08-16 14:19:11,253 [Worker-100: Launching CatlogServicesApplicationTests] INFO  o.e.m.c.i.embedder.EclipseLogger - File stored in the index does not exist: src\test\java\com\demo\catlog_services\TestcontainersConfiguration.java
2025-08-16 14:19:12,096 [Worker-100: Launching CatlogServicesApplicationTests] INFO  o.e.m.c.i.embedder.EclipseLogger - Spotless.Java is keeping 4 files clean - 1 needs changes to be clean, 0 were already clean, 3 were skipped because caching determined they were already clean
2025-08-16 14:19:12,287 [Worker-100: Launching CatlogServicesApplicationTests] INFO  o.a.m.s.f.DefaultMavenResourcesFiltering - skip non existing resourceDirectory D:\SpringBoot_Microservices_Project\microservices\catlog-services\src\test\resources
2025-08-16 16:45:25,434 [Worker-115: Updating Maven Dependencies] ERROR o.e.m.c.i.URLConnectionCaches - Unexpected URLConnection defaultUseCaches enabled
2025-08-16 16:45:28,772 [Worker-115: Updating Maven Dependencies] ERROR o.e.m.j.i.l.MavenLaunchConfigurationListener - Launch configuration CatlogServicesApplication references non-existing project catlog-services.
org.eclipse.core.runtime.CoreException: Launch configuration CatlogServicesApplication references non-existing project catlog-services.
	at org.eclipse.jdt.launching.JavaRuntime.abort(JavaRuntime.java:1862)
	at org.eclipse.jdt.launching.JavaRuntime.getJavaProject(JavaRuntime.java:1739)
	at org.eclipse.m2e.jdt.internal.launch.MavenLaunchConfigurationListener.updateLaunchConfiguration(MavenLaunchConfigurationListener.java:64)
	at org.eclipse.m2e.jdt.internal.launch.MavenLaunchConfigurationListener.launchConfigurationChanged(MavenLaunchConfigurationListener.java:50)
	at org.eclipse.debug.internal.core.LaunchManager$ConfigurationNotifier.run(LaunchManager.java:220)
	at org.eclipse.core.runtime.SafeRunner.run(SafeRunner.java:47)
	at org.eclipse.debug.internal.core.LaunchManager$ConfigurationNotifier.notify(LaunchManager.java:204)
	at org.eclipse.debug.internal.core.LaunchConfigurationWorkingCopy.setDirty(LaunchConfigurationWorkingCopy.java:527)
	at org.eclipse.debug.internal.core.LaunchConfigurationWorkingCopy.setAttribute(LaunchConfigurationWorkingCopy.java:415)
	at org.eclipse.m2e.jdt.internal.launch.MavenRuntimeClasspathProvider.disable(MavenRuntimeClasspathProvider.java:409)
	at org.eclipse.m2e.jdt.internal.launch.MavenRuntimeClasspathProvider.disable(MavenRuntimeClasspathProvider.java:435)
	at org.eclipse.m2e.jdt.internal.launch.MavenLaunchConfigurationListener.mavenProjectChanged(MavenLaunchConfigurationListener.java:135)
	at org.eclipse.m2e.core.internal.project.registry.ProjectRegistryManager.notifyProjectChangeListeners(ProjectRegistryManager.java:888)
	at org.eclipse.m2e.core.internal.project.registry.ProjectRegistryManager.applyMutableProjectRegistry(ProjectRegistryManager.java:1038)
	at org.eclipse.m2e.core.internal.project.registry.ProjectRegistryRefreshJob.lambda$0(ProjectRegistryRefreshJob.java:162)
	at org.eclipse.m2e.core.internal.embedder.MavenExecutionContext.executeBare(MavenExecutionContext.java:458)
	at org.eclipse.m2e.core.internal.embedder.MavenExecutionContext.execute(MavenExecutionContext.java:339)
	at org.eclipse.m2e.core.internal.embedder.MavenExecutionContext.execute(MavenExecutionContext.java:278)
	at org.eclipse.m2e.core.internal.project.registry.ProjectRegistryRefreshJob.run(ProjectRegistryRefreshJob.java:106)
	at org.eclipse.core.internal.jobs.Worker.run(Worker.java:63)
2025-08-16 16:45:28,791 [Worker-115: Updating Maven Dependencies] ERROR o.e.m.j.i.l.MavenLaunchConfigurationListener - Launch configuration CatlogServicesApplication references non-existing project catlog-services.
org.eclipse.core.runtime.CoreException: Launch configuration CatlogServicesApplication references non-existing project catlog-services.
	at org.eclipse.jdt.launching.JavaRuntime.abort(JavaRuntime.java:1862)
	at org.eclipse.jdt.launching.JavaRuntime.getJavaProject(JavaRuntime.java:1739)
	at org.eclipse.m2e.jdt.internal.launch.MavenLaunchConfigurationListener.updateLaunchConfiguration(MavenLaunchConfigurationListener.java:64)
	at org.eclipse.m2e.jdt.internal.launch.MavenLaunchConfigurationListener.launchConfigurationChanged(MavenLaunchConfigurationListener.java:50)
	at org.eclipse.debug.internal.core.LaunchManager$ConfigurationNotifier.run(LaunchManager.java:220)
	at org.eclipse.core.runtime.SafeRunner.run(SafeRunner.java:47)
	at org.eclipse.debug.internal.core.LaunchManager$ConfigurationNotifier.notify(LaunchManager.java:204)
	at org.eclipse.debug.internal.core.LaunchConfigurationWorkingCopy.setDirty(LaunchConfigurationWorkingCopy.java:527)
	at org.eclipse.debug.internal.core.LaunchConfigurationWorkingCopy.setAttribute(LaunchConfigurationWorkingCopy.java:415)
	at org.eclipse.m2e.jdt.internal.launch.MavenRuntimeClasspathProvider.disable(MavenRuntimeClasspathProvider.java:410)
	at org.eclipse.m2e.jdt.internal.launch.MavenRuntimeClasspathProvider.disable(MavenRuntimeClasspathProvider.java:435)
	at org.eclipse.m2e.jdt.internal.launch.MavenLaunchConfigurationListener.mavenProjectChanged(MavenLaunchConfigurationListener.java:135)
	at org.eclipse.m2e.core.internal.project.registry.ProjectRegistryManager.notifyProjectChangeListeners(ProjectRegistryManager.java:888)
	at org.eclipse.m2e.core.internal.project.registry.ProjectRegistryManager.applyMutableProjectRegistry(ProjectRegistryManager.java:1038)
	at org.eclipse.m2e.core.internal.project.registry.ProjectRegistryRefreshJob.lambda$0(ProjectRegistryRefreshJob.java:162)
	at org.eclipse.m2e.core.internal.embedder.MavenExecutionContext.executeBare(MavenExecutionContext.java:458)
	at org.eclipse.m2e.core.internal.embedder.MavenExecutionContext.execute(MavenExecutionContext.java:339)
	at org.eclipse.m2e.core.internal.embedder.MavenExecutionContext.execute(MavenExecutionContext.java:278)
	at org.eclipse.m2e.core.internal.project.registry.ProjectRegistryRefreshJob.run(ProjectRegistryRefreshJob.java:106)
	at org.eclipse.core.internal.jobs.Worker.run(Worker.java:63)
2025-08-16 16:45:28,857 [Worker-115: Updating Maven Dependencies] ERROR o.e.m.j.i.l.MavenLaunchConfigurationListener - Launch configuration CatlogServicesApplication references non-existing project catlog-services.
org.eclipse.core.runtime.CoreException: Launch configuration CatlogServicesApplication references non-existing project catlog-services.
	at org.eclipse.jdt.launching.JavaRuntime.abort(JavaRuntime.java:1862)
	at org.eclipse.jdt.launching.JavaRuntime.getJavaProject(JavaRuntime.java:1739)
	at org.eclipse.m2e.jdt.internal.launch.MavenLaunchConfigurationListener.updateLaunchConfiguration(MavenLaunchConfigurationListener.java:64)
	at org.eclipse.m2e.jdt.internal.launch.MavenLaunchConfigurationListener.launchConfigurationChanged(MavenLaunchConfigurationListener.java:50)
	at org.eclipse.debug.internal.core.LaunchManager$ConfigurationNotifier.run(LaunchManager.java:220)
	at org.eclipse.core.runtime.SafeRunner.run(SafeRunner.java:47)
	at org.eclipse.debug.internal.core.LaunchManager$ConfigurationNotifier.notify(LaunchManager.java:204)
	at org.eclipse.debug.internal.core.LaunchManager.launchConfigurationChanged(LaunchManager.java:2010)
	at org.eclipse.debug.internal.core.LaunchConfigurationWorkingCopy.writeNewFile(LaunchConfigurationWorkingCopy.java:380)
	at org.eclipse.debug.internal.core.LaunchConfigurationWorkingCopy.doSave0(LaunchConfigurationWorkingCopy.java:259)
	at org.eclipse.debug.internal.core.LaunchConfigurationWorkingCopy.doSave(LaunchConfigurationWorkingCopy.java:229)
	at org.eclipse.debug.internal.core.LaunchConfigurationWorkingCopy.doSave(LaunchConfigurationWorkingCopy.java:187)
	at org.eclipse.m2e.jdt.internal.launch.MavenRuntimeClasspathProvider.disable(MavenRuntimeClasspathProvider.java:411)
	at org.eclipse.m2e.jdt.internal.launch.MavenRuntimeClasspathProvider.disable(MavenRuntimeClasspathProvider.java:435)
	at org.eclipse.m2e.jdt.internal.launch.MavenLaunchConfigurationListener.mavenProjectChanged(MavenLaunchConfigurationListener.java:135)
	at org.eclipse.m2e.core.internal.project.registry.ProjectRegistryManager.notifyProjectChangeListeners(ProjectRegistryManager.java:888)
	at org.eclipse.m2e.core.internal.project.registry.ProjectRegistryManager.applyMutableProjectRegistry(ProjectRegistryManager.java:1038)
	at org.eclipse.m2e.core.internal.project.registry.ProjectRegistryRefreshJob.lambda$0(ProjectRegistryRefreshJob.java:162)
	at org.eclipse.m2e.core.internal.embedder.MavenExecutionContext.executeBare(MavenExecutionContext.java:458)
	at org.eclipse.m2e.core.internal.embedder.MavenExecutionContext.execute(MavenExecutionContext.java:339)
	at org.eclipse.m2e.core.internal.embedder.MavenExecutionContext.execute(MavenExecutionContext.java:278)
	at org.eclipse.m2e.core.internal.project.registry.ProjectRegistryRefreshJob.run(ProjectRegistryRefreshJob.java:106)
	at org.eclipse.core.internal.jobs.Worker.run(Worker.java:63)
2025-08-16 16:45:28,860 [Worker-115: Updating Maven Dependencies] ERROR o.e.m.j.i.l.MavenLaunchConfigurationListener - Launch configuration CatlogServicesApplicationTests references non-existing project catlog-services.
org.eclipse.core.runtime.CoreException: Launch configuration CatlogServicesApplicationTests references non-existing project catlog-services.
	at org.eclipse.jdt.launching.JavaRuntime.abort(JavaRuntime.java:1862)
	at org.eclipse.jdt.launching.JavaRuntime.getJavaProject(JavaRuntime.java:1739)
	at org.eclipse.m2e.jdt.internal.launch.MavenLaunchConfigurationListener.updateLaunchConfiguration(MavenLaunchConfigurationListener.java:64)
	at org.eclipse.m2e.jdt.internal.launch.MavenLaunchConfigurationListener.launchConfigurationChanged(MavenLaunchConfigurationListener.java:50)
	at org.eclipse.debug.internal.core.LaunchManager$ConfigurationNotifier.run(LaunchManager.java:220)
	at org.eclipse.core.runtime.SafeRunner.run(SafeRunner.java:47)
	at org.eclipse.debug.internal.core.LaunchManager$ConfigurationNotifier.notify(LaunchManager.java:204)
	at org.eclipse.debug.internal.core.LaunchConfigurationWorkingCopy.setDirty(LaunchConfigurationWorkingCopy.java:527)
	at org.eclipse.debug.internal.core.LaunchConfigurationWorkingCopy.setAttribute(LaunchConfigurationWorkingCopy.java:415)
	at org.eclipse.m2e.jdt.internal.launch.MavenRuntimeClasspathProvider.disable(MavenRuntimeClasspathProvider.java:409)
	at org.eclipse.m2e.jdt.internal.launch.MavenRuntimeClasspathProvider.disable(MavenRuntimeClasspathProvider.java:435)
	at org.eclipse.m2e.jdt.internal.launch.MavenLaunchConfigurationListener.mavenProjectChanged(MavenLaunchConfigurationListener.java:135)
	at org.eclipse.m2e.core.internal.project.registry.ProjectRegistryManager.notifyProjectChangeListeners(ProjectRegistryManager.java:888)
	at org.eclipse.m2e.core.internal.project.registry.ProjectRegistryManager.applyMutableProjectRegistry(ProjectRegistryManager.java:1038)
	at org.eclipse.m2e.core.internal.project.registry.ProjectRegistryRefreshJob.lambda$0(ProjectRegistryRefreshJob.java:162)
	at org.eclipse.m2e.core.internal.embedder.MavenExecutionContext.executeBare(MavenExecutionContext.java:458)
	at org.eclipse.m2e.core.internal.embedder.MavenExecutionContext.execute(MavenExecutionContext.java:339)
	at org.eclipse.m2e.core.internal.embedder.MavenExecutionContext.execute(MavenExecutionContext.java:278)
	at org.eclipse.m2e.core.internal.project.registry.ProjectRegistryRefreshJob.run(ProjectRegistryRefreshJob.java:106)
	at org.eclipse.core.internal.jobs.Worker.run(Worker.java:63)
2025-08-16 16:45:28,863 [Worker-115: Updating Maven Dependencies] ERROR o.e.m.j.i.l.MavenLaunchConfigurationListener - Launch configuration CatlogServicesApplicationTests references non-existing project catlog-services.
org.eclipse.core.runtime.CoreException: Launch configuration CatlogServicesApplicationTests references non-existing project catlog-services.
	at org.eclipse.jdt.launching.JavaRuntime.abort(JavaRuntime.java:1862)
	at org.eclipse.jdt.launching.JavaRuntime.getJavaProject(JavaRuntime.java:1739)
	at org.eclipse.m2e.jdt.internal.launch.MavenLaunchConfigurationListener.updateLaunchConfiguration(MavenLaunchConfigurationListener.java:64)
	at org.eclipse.m2e.jdt.internal.launch.MavenLaunchConfigurationListener.launchConfigurationChanged(MavenLaunchConfigurationListener.java:50)
	at org.eclipse.debug.internal.core.LaunchManager$ConfigurationNotifier.run(LaunchManager.java:220)
	at org.eclipse.core.runtime.SafeRunner.run(SafeRunner.java:47)
	at org.eclipse.debug.internal.core.LaunchManager$ConfigurationNotifier.notify(LaunchManager.java:204)
	at org.eclipse.debug.internal.core.LaunchConfigurationWorkingCopy.setDirty(LaunchConfigurationWorkingCopy.java:527)
	at org.eclipse.debug.internal.core.LaunchConfigurationWorkingCopy.setAttribute(LaunchConfigurationWorkingCopy.java:415)
	at org.eclipse.m2e.jdt.internal.launch.MavenRuntimeClasspathProvider.disable(MavenRuntimeClasspathProvider.java:410)
	at org.eclipse.m2e.jdt.internal.launch.MavenRuntimeClasspathProvider.disable(MavenRuntimeClasspathProvider.java:435)
	at org.eclipse.m2e.jdt.internal.launch.MavenLaunchConfigurationListener.mavenProjectChanged(MavenLaunchConfigurationListener.java:135)
	at org.eclipse.m2e.core.internal.project.registry.ProjectRegistryManager.notifyProjectChangeListeners(ProjectRegistryManager.java:888)
	at org.eclipse.m2e.core.internal.project.registry.ProjectRegistryManager.applyMutableProjectRegistry(ProjectRegistryManager.java:1038)
	at org.eclipse.m2e.core.internal.project.registry.ProjectRegistryRefreshJob.lambda$0(ProjectRegistryRefreshJob.java:162)
	at org.eclipse.m2e.core.internal.embedder.MavenExecutionContext.executeBare(MavenExecutionContext.java:458)
	at org.eclipse.m2e.core.internal.embedder.MavenExecutionContext.execute(MavenExecutionContext.java:339)
	at org.eclipse.m2e.core.internal.embedder.MavenExecutionContext.execute(MavenExecutionContext.java:278)
	at org.eclipse.m2e.core.internal.project.registry.ProjectRegistryRefreshJob.run(ProjectRegistryRefreshJob.java:106)
	at org.eclipse.core.internal.jobs.Worker.run(Worker.java:63)
2025-08-16 16:45:28,907 [Worker-115: Updating Maven Dependencies] ERROR o.e.m.j.i.l.MavenLaunchConfigurationListener - Launch configuration CatlogServicesApplicationTests references non-existing project catlog-services.
org.eclipse.core.runtime.CoreException: Launch configuration CatlogServicesApplicationTests references non-existing project catlog-services.
	at org.eclipse.jdt.launching.JavaRuntime.abort(JavaRuntime.java:1862)
	at org.eclipse.jdt.launching.JavaRuntime.getJavaProject(JavaRuntime.java:1739)
	at org.eclipse.m2e.jdt.internal.launch.MavenLaunchConfigurationListener.updateLaunchConfiguration(MavenLaunchConfigurationListener.java:64)
	at org.eclipse.m2e.jdt.internal.launch.MavenLaunchConfigurationListener.launchConfigurationChanged(MavenLaunchConfigurationListener.java:50)
	at org.eclipse.debug.internal.core.LaunchManager$ConfigurationNotifier.run(LaunchManager.java:220)
	at org.eclipse.core.runtime.SafeRunner.run(SafeRunner.java:47)
	at org.eclipse.debug.internal.core.LaunchManager$ConfigurationNotifier.notify(LaunchManager.java:204)
	at org.eclipse.debug.internal.core.LaunchManager.launchConfigurationChanged(LaunchManager.java:2010)
	at org.eclipse.debug.internal.core.LaunchConfigurationWorkingCopy.writeNewFile(LaunchConfigurationWorkingCopy.java:380)
	at org.eclipse.debug.internal.core.LaunchConfigurationWorkingCopy.doSave0(LaunchConfigurationWorkingCopy.java:259)
	at org.eclipse.debug.internal.core.LaunchConfigurationWorkingCopy.doSave(LaunchConfigurationWorkingCopy.java:229)
	at org.eclipse.debug.internal.core.LaunchConfigurationWorkingCopy.doSave(LaunchConfigurationWorkingCopy.java:187)
	at org.eclipse.m2e.jdt.internal.launch.MavenRuntimeClasspathProvider.disable(MavenRuntimeClasspathProvider.java:411)
	at org.eclipse.m2e.jdt.internal.launch.MavenRuntimeClasspathProvider.disable(MavenRuntimeClasspathProvider.java:435)
	at org.eclipse.m2e.jdt.internal.launch.MavenLaunchConfigurationListener.mavenProjectChanged(MavenLaunchConfigurationListener.java:135)
	at org.eclipse.m2e.core.internal.project.registry.ProjectRegistryManager.notifyProjectChangeListeners(ProjectRegistryManager.java:888)
	at org.eclipse.m2e.core.internal.project.registry.ProjectRegistryManager.applyMutableProjectRegistry(ProjectRegistryManager.java:1038)
	at org.eclipse.m2e.core.internal.project.registry.ProjectRegistryRefreshJob.lambda$0(ProjectRegistryRefreshJob.java:162)
	at org.eclipse.m2e.core.internal.embedder.MavenExecutionContext.executeBare(MavenExecutionContext.java:458)
	at org.eclipse.m2e.core.internal.embedder.MavenExecutionContext.execute(MavenExecutionContext.java:339)
	at org.eclipse.m2e.core.internal.embedder.MavenExecutionContext.execute(MavenExecutionContext.java:278)
	at org.eclipse.m2e.core.internal.project.registry.ProjectRegistryRefreshJob.run(ProjectRegistryRefreshJob.java:106)
	at org.eclipse.core.internal.jobs.Worker.run(Worker.java:63)
2025-08-16 16:48:48,821 [Burningwave - Resource releaser] INFO  o.b.c.a.StaticComponentContainer - (StaticComponentContainer.java:391) - ... Waiting for all tasks ending
2025-08-16 16:48:48,868 [Burningwave - Resource releaser] INFO  o.b.c.a.StaticComponentContainer - (StaticComponentContainer.java:397) - Closing all component containers
2025-08-16 16:48:48,896 [Burningwave - Resource releaser] INFO  o.b.c.a.StaticComponentContainer - (StaticComponentContainer.java:403) - Closing FileSystemHelper
2025-08-16 16:48:48,906 [Burningwave - Resource releaser] INFO  o.b.c.a.StaticComponentContainer - (StaticComponentContainer.java:409) - ... Waiting for all tasks ending before shutting down the BackgroundExecutor
2025-08-16 16:48:48,909 [Burningwave - Resource releaser] INFO  o.b.c.a.StaticComponentContainer - (StaticComponentContainer.java:414) - Shutting down BackgroundExecutor
2025-08-16 16:48:48,925 [Burningwave - Resource releaser] INFO  o.b.c.a.StaticComponentContainer - (StaticComponentContainer.java:420) - Stopping all threads monitoring thread
2025-08-16 16:48:48,928 [Burningwave - Resource releaser] INFO  o.b.c.a.StaticComponentContainer - (StaticComponentContainer.java:425) - Closing ThreadHolder
2025-08-16 16:48:48,930 [Burningwave - Resource releaser] INFO  o.b.c.a.StaticComponentContainer - (StaticComponentContainer.java:430) - Shutting down ThreadSupplier
